0, 0,16, #FFFF00
0, 0,17, #FFFF00
1, 0,16, #FFFF00
1, 0,17, #FFFF00
0, 0,18, #FFFF00
1, 0,14, #FFFF00
1, 0,15, #FFFF00
2, 0,14, #FFFF00
2, 0,15, #FFFF00
2, 0,13, #FFFF00
2, 0,16, #FFFF00
2, 0,17, #FFFF00
3, 0,16, #FFFF00
3, 0,17, #FFFF00
3, 0,13, #FFFF00
3, 0,14, #FFFF00
3, 0,15, #FFFF00
4, 0,14, #FFFF00
4, 0,15, #FFFF00
4, 0,16, #FFFF00
4, 0,17, #FFFF00
4, 0,18, #FFFF00
6, 0,9, #FF0000
6, 0,10, #FF0000
6, 0,11, #FF0000
6, 0,12, #FF0000
6, 0,13, #FF0000
6, 0,14, #FF0000
6, 0,15, #FF0000
6, 0,16, #FF0000
7, 0,9, #FF0000
7, 0,10, #FF0000
7, 0,11, #FF0000
7, 0,12, #FF0000
7, 0,13, #FF0000
7, 0,14, #FF0000
7, 0,15, #FF0000
7, 0,16, #FF0000
6, 0,17, #FF0000
6, 0,18, #FF0000
6, 0,19, #FF0000
7, 0,17, #FF0000
7, 0,18, #FF0000
7, 0,19, #FF0000
8, 0,9, #FF0000
8, 0,10, #FF0000
8, 0,11, #FF0000
8, 0,12, #FF0000
8, 0,13, #FF0000
8, 0,14, #FF0000
8, 0,15, #FF0000
8, 0,16, #FF0000
9, 0,9, #FF0000
9, 0,10, #FF0000
9, 0,11, #FF0000
9, 0,12, #FF0000
9, 0,13, #FF0000
9, 0,14, #FF0000
9, 0,15, #FF0000
9, 0,16, #FF0000
8, 0,17, #FF0000
8, 0,18, #FF0000
8, 0,19, #FF0000
9, 0,17, #FF0000
9, 0,18, #FF0000
9, 0,19, #FF0000
10, 0,9, #FF0000
10, 0,10, #FF0000
10, 0,11, #FF0000
10, 0,12, #FF0000
10, 0,13, #FF0000
10, 0,14, #FF0000
10, 0,15, #FF0000
10, 0,16, #FF0000
11, 0,9, #FF0000
11, 0,10, #FF0000
11, 0,11, #FF0000
11, 0,12, #FF0000
11, 0,13, #FF0000
11, 0,14, #FF0000
11, 0,15, #FF0000
11, 0,16, #FF0000
10, 0,17, #FF0000
10, 0,18, #FF0000
10, 0,19, #FF0000
11, 0,17, #FF0000
11, 0,18, #FF0000
11, 0,19, #FF0000
12, 0,9, #FF0000
12, 0,10, #FF0000
12, 0,11, #FF0000
12, 0,12, #FF0000
12, 0,13, #FF0000
12, 0,14, #FF0000
12, 0,15, #FF0000
12, 0,16, #FF0000
13, 0,9, #FF0000
13, 0,10, #FF0000
13, 0,11, #FF0000
13, 0,12, #FF0000
13, 0,13, #FF0000
13, 0,14, #FF0000
13, 0,15, #FF0000
13, 0,16, #FF0000
12, 0,17, #FF0000
12, 0,18, #FF0000
12, 0,19, #FF0000
13, 0,17, #FF0000
13, 0,18, #FF0000
13, 0,19, #FF0000
14, 0,9, #FF0000
14, 0,10, #FF0000
14, 0,11, #FF0000
14, 0,12, #FF0000
14, 0,13, #FF0000
14, 0,14, #FF0000
14, 0,15, #FF0000
14, 0,16, #FF0000
15, 0,9, #FF0000
15, 0,10, #FF0000
15, 0,11, #FF0000
15, 0,12, #FF0000
15, 0,13, #FF0000
15, 0,14, #FF0000
15, 0,15, #FF0000
15, 0,16, #FF0000
14, 0,17, #FF0000
14, 0,18, #FF0000
14, 0,19, #FF0000
15, 0,17, #FF0000
15, 0,18, #FF0000
15, 0,19, #FF0000
16, 0,9, #FF0000
16, 0,10, #FF0000
16, 0,11, #FF0000
16, 0,12, #FF0000
16, 0,13, #FF0000
16, 0,14, #FF0000
16, 0,15, #FF0000
16, 0,16, #FF0000
17, 0,9, #FF0000
17, 0,10, #FF0000
17, 0,11, #FF0000
17, 0,12, #FF0000
17, 0,13, #FF0000
17, 0,14, #FF0000
17, 0,15, #FF0000
17, 0,16, #FF0000
16, 0,17, #FF0000
16, 0,18, #FF0000
16, 0,19, #FF0000
17, 0,17, #FF0000
17, 0,18, #FF0000
17, 0,19, #FF0000
18, 0,9, #FF0000
18, 0,10, #FF0000
18, 0,11, #FF0000
18, 0,12, #FF0000
18, 0,13, #FF0000
18, 0,14, #FF0000
18, 0,15, #FF0000
18, 0,16, #FF0000
19, 0,9, #FF0000
19, 0,10, #FF0000
19, 0,11, #FF0000
19, 0,12, #FF0000
19, 0,13, #FF0000
19, 0,14, #FF0000
19, 0,15, #FF0000
19, 0,16, #FF0000
18, 0,17, #FF0000
18, 0,18, #FF0000
18, 0,19, #FF0000
19, 0,17, #FF0000
19, 0,18, #FF0000
19, 0,19, #FF0000
20, 0,9, #FF0000
20, 0,10, #FF0000
20, 0,11, #FF0000
20, 0,12, #FF0000
20, 0,13, #FF0000
20, 0,14, #FF0000
20, 0,15, #FF0000
20, 0,16, #FF0000
21, 0,9, #FF0000
21, 0,10, #FF0000
21, 0,11, #FF0000
21, 0,12, #FF0000
21, 0,13, #FF0000
21, 0,14, #FF0000
21, 0,15, #FF0000
21, 0,16, #FF0000
20, 0,17, #FF0000
20, 0,18, #FF0000
20, 0,19, #FF0000
21, 0,17, #FF0000
21, 0,18, #FF0000
21, 0,19, #FF0000
22, 0,9, #FF0000
22, 0,10, #FF0000
22, 0,11, #FF0000
22, 0,12, #FF0000
22, 0,13, #FF0000
22, 0,14, #FF0000
22, 0,15, #FF0000
22, 0,16, #FF0000
23, 0,9, #FF0000
23, 0,10, #FF0000
23, 0,11, #FF0000
23, 0,12, #FF0000
23, 0,13, #FF0000
23, 0,14, #FF0000
23, 0,15, #FF0000
23, 0,16, #FF0000
22, 0,17, #FF0000
22, 0,18, #FF0000
22, 0,19, #FF0000
23, 0,17, #FF0000
23, 0,18, #FF0000
23, 0,19, #FF0000
24, 0,9, #FF0000
24, 0,10, #FF0000
24, 0,11, #FF0000
24, 0,12, #FF0000
24, 0,13, #FF0000
24, 0,14, #FF0000
24, 0,15, #FF0000
24, 0,16, #FF0000
25, 0,9, #FF0000
25, 0,10, #FF0000
25, 0,11, #FF0000
25, 0,12, #FF0000
25, 0,13, #FF0000
25, 0,14, #FF0000
25, 0,15, #FF0000
25, 0,16, #FF0000
24, 0,17, #FF0000
24, 0,18, #FF0000
24, 0,19, #FF0000
25, 0,17, #FF0000
25, 0,18, #FF0000
25, 0,19, #FF0000
26, 0,9, #FF0000
26, 0,10, #FF0000
26, 0,11, #FF0000
26, 0,12, #FF0000
26, 0,13, #FF0000
26, 0,14, #FF0000
26, 0,15, #FF0000
26, 0,16, #FF0000
27, 0,9, #FF0000
27, 0,10, #FF0000
27, 0,11, #FF0000
27, 0,12, #FF0000
27, 0,13, #FF0000
27, 0,14, #FF0000
27, 0,15, #FF0000
27, 0,16, #FF0000
26, 0,17, #FF0000
26, 0,18, #FF0000
26, 0,19, #FF0000
27, 0,17, #FF0000
27, 0,18, #FF0000
27, 0,19, #FF0000
28, 0,9, #FF0000
28, 0,10, #FF0000
28, 0,11, #FF0000
28, 0,12, #FF0000
28, 0,13, #FF0000
28, 0,14, #FF0000
28, 0,15, #FF0000
28, 0,16, #FF0000
28, 0,17, #FF0000
28, 0,18, #FF0000
28, 0,19, #FF0000
30, 0,16, #FFFF00
30, 0,17, #FFFF00
30, 0,18, #FFFF00
30, 0,19, #FFFF00
31, 0,16, #FFFF00
31, 0,17, #FFFF00
31, 0,18, #FFFF00
31, 0,19, #FFFF00
30, 0,20, #FFFF00
31, 0,15, #FFFF00
32, 0,15, #FFFF00
32, 0,16, #FFFF00
32, 0,17, #FFFF00
32, 0,18, #FFFF00
32, 0,19, #FFFF00
33, 0,16, #FFFF00
33, 0,17, #FFFF00
33, 0,18, #FFFF00
33, 0,19, #FFFF00
33, 0,20, #FFFF00
34, 0,17, #FFFF00
34, 0,18, #FFFF00
34, 0,19, #FFFF00
0, 1,16, #FFFF00
0, 1,17, #FFFF00
1, 1,16, #FFFF00
1, 1,17, #FFFF00
1, 1,14, #FFFF00
1, 1,15, #FFFF00
2, 1,14, #FFFF00
2, 1,15, #FFFF00
2, 1,13, #FFFF00
2, 1,16, #FFFF00
2, 1,17, #FFFF00
2, 1,18, #FFFF00
3, 1,16, #FFFF00
3, 1,17, #FFFF00
3, 1,18, #FFFF00
3, 1,13, #FFFF00
3, 1,14, #FFFF00
3, 1,15, #FFFF00
4, 1,14, #FFFF00
4, 1,15, #FFFF00
4, 1,16, #FFFF00
4, 1,17, #FFFF00
6, 1,9, #FF0000
6, 1,10, #FF0000
7, 1,9, #FF0000
7, 1,10, #FF0000
8, 1,9, #FF0000
8, 1,10, #FF0000
9, 1,9, #FF0000
9, 1,10, #FF0000
10, 1,9, #FF0000
10, 1,10, #FF0000
11, 1,9, #FF0000
11, 1,10, #FF0000
12, 1,9, #FF0000
12, 1,10, #FF0000
13, 1,9, #FF0000
13, 1,10, #FF0000
6, 1,11, #FF0000
6, 1,12, #FF0000
6, 1,13, #FF0000
6, 1,14, #FF0000
6, 1,15, #FF0000
6, 1,16, #FF0000
6, 1,17, #FF0000
6, 1,18, #FF0000
7, 1,11, #FF0000
7, 1,12, #FF0000
7, 1,13, #FF0000
7, 1,14, #FF0000
7, 1,15, #FF0000
7, 1,16, #FF0000
7, 1,17, #FF0000
7, 1,18, #FF0000
6, 1,19, #FF0000
7, 1,19, #FF0000
8, 1,11, #FF0000
8, 1,12, #FF0000
8, 1,13, #FF0000
8, 1,14, #FF0000
8, 1,15, #FF0000
8, 1,16, #FF0000
8, 1,17, #FF0000
8, 1,18, #FF0000
9, 1,11, #FF0000
9, 1,12, #FF0000
9, 1,13, #FF0000
9, 1,14, #FF0000
9, 1,15, #FF0000
9, 1,16, #FF0000
9, 1,17, #FF0000
9, 1,18, #FF0000
8, 1,19, #FF0000
9, 1,19, #FF0000
10, 1,11, #FF0000
10, 1,12, #FF0000
10, 1,13, #FF0000
10, 1,14, #FF0000
10, 1,15, #FF0000
10, 1,16, #FF0000
10, 1,17, #FF0000
10, 1,18, #FF0000
11, 1,11, #FF0000
11, 1,12, #FF0000
11, 1,13, #FF0000
11, 1,14, #FF0000
11, 1,15, #FF0000
11, 1,16, #FF0000
11, 1,17, #FF0000
11, 1,18, #FF0000
10, 1,19, #FF0000
11, 1,19, #FF0000
12, 1,11, #FF0000
12, 1,12, #FF0000
12, 1,13, #FF0000
12, 1,14, #FF0000
12, 1,15, #FF0000
12, 1,16, #FF0000
12, 1,17, #FF0000
12, 1,18, #FF0000
13, 1,11, #FF0000
13, 1,12, #FF0000
13, 1,13, #FF0000
13, 1,14, #FF0000
13, 1,15, #FF0000
13, 1,16, #FF0000
13, 1,17, #FF0000
13, 1,18, #FF0000
12, 1,19, #FF0000
13, 1,19, #FF0000
14, 1,9, #FF0000
14, 1,10, #FF0000
15, 1,9, #FF0000
15, 1,10, #FF0000
16, 1,9, #FF0000
16, 1,10, #FF0000
17, 1,9, #FF0000
17, 1,10, #FF0000
18, 1,9, #FF0000
18, 1,10, #FF0000
19, 1,9, #FF0000
19, 1,10, #FF0000
20, 1,9, #FF0000
20, 1,10, #FF0000
21, 1,9, #FF0000
21, 1,10, #FF0000
14, 1,11, #FF0000
14, 1,12, #FF0000
14, 1,13, #FF0000
14, 1,14, #FF0000
14, 1,15, #FF0000
14, 1,16, #FF0000
14, 1,17, #FF0000
14, 1,18, #FF0000
15, 1,11, #FF0000
15, 1,12, #FF0000
15, 1,13, #FF0000
15, 1,14, #FF0000
15, 1,15, #FF0000
15, 1,16, #FF0000
15, 1,17, #FF0000
15, 1,18, #FF0000
14, 1,19, #FF0000
15, 1,19, #FF0000
16, 1,11, #FF0000
16, 1,12, #FF0000
16, 1,13, #FF0000
16, 1,14, #FF0000
16, 1,15, #FF0000
16, 1,16, #FF0000
16, 1,17, #FF0000
16, 1,18, #FF0000
17, 1,11, #FF0000
17, 1,12, #FF0000
17, 1,13, #FF0000
17, 1,14, #FF0000
17, 1,15, #FF0000
17, 1,16, #FF0000
17, 1,17, #FF0000
17, 1,18, #FF0000
16, 1,19, #FF0000
17, 1,19, #FF0000
18, 1,11, #FF0000
18, 1,12, #FF0000
18, 1,13, #FF0000
18, 1,14, #FF0000
18, 1,15, #FF0000
18, 1,16, #FF0000
18, 1,17, #FF0000
18, 1,18, #FF0000
19, 1,11, #FF0000
19, 1,12, #FF0000
19, 1,13, #FF0000
19, 1,14, #FF0000
19, 1,15, #FF0000
19, 1,16, #FF0000
19, 1,17, #FF0000
19, 1,18, #FF0000
18, 1,19, #FF0000
19, 1,19, #FF0000
20, 1,11, #FF0000
20, 1,12, #FF0000
20, 1,13, #FF0000
20, 1,14, #FF0000
20, 1,15, #FF0000
20, 1,16, #FF0000
20, 1,17, #FF0000
20, 1,18, #FF0000
21, 1,11, #FF0000
21, 1,12, #FF0000
21, 1,13, #FF0000
21, 1,14, #FF0000
21, 1,15, #FF0000
21, 1,16, #FF0000
21, 1,17, #FF0000
21, 1,18, #FF0000
20, 1,19, #FF0000
21, 1,19, #FF0000
22, 1,9, #FF0000
22, 1,10, #FF0000
22, 1,11, #FF0000
22, 1,12, #FF0000
22, 1,13, #FF0000
22, 1,14, #FF0000
23, 1,9, #FF0000
23, 1,10, #FF0000
23, 1,11, #FF0000
23, 1,12, #FF0000
23, 1,13, #FF0000
23, 1,14, #FF0000
22, 1,15, #FF0000
22, 1,16, #FF0000
22, 1,17, #FF0000
22, 1,18, #FF0000
23, 1,15, #FF0000
23, 1,16, #FF0000
23, 1,17, #FF0000
23, 1,18, #FF0000
22, 1,19, #FF0000
23, 1,19, #FF0000
24, 1,9, #FF0000
24, 1,10, #FF0000
24, 1,11, #FF0000
24, 1,12, #FF0000
24, 1,13, #FF0000
24, 1,14, #FF0000
25, 1,9, #FF0000
25, 1,10, #FF0000
25, 1,11, #FF0000
25, 1,12, #FF0000
25, 1,13, #FF0000
25, 1,14, #FF0000
24, 1,15, #FF0000
24, 1,16, #FF0000
24, 1,17, #FF0000
24, 1,18, #FF0000
25, 1,15, #FF0000
25, 1,16, #FF0000
25, 1,17, #FF0000
25, 1,18, #FF0000
24, 1,19, #FF0000
25, 1,19, #FF0000
26, 1,9, #FF0000
26, 1,10, #FF0000
26, 1,11, #FF0000
26, 1,12, #FF0000
26, 1,13, #FF0000
26, 1,14, #FF0000
27, 1,9, #FF0000
27, 1,10, #FF0000
27, 1,11, #FF0000
27, 1,12, #FF0000
27, 1,13, #FF0000
27, 1,14, #FF0000
26, 1,15, #FF0000
26, 1,16, #FF0000
26, 1,17, #FF0000
26, 1,18, #FF0000
27, 1,15, #FF0000
27, 1,16, #FF0000
27, 1,17, #FF0000
27, 1,18, #FF0000
26, 1,19, #FF0000
27, 1,19, #FF0000
28, 1,9, #FF0000
28, 1,10, #FF0000
28, 1,11, #FF0000
28, 1,12, #FF0000
28, 1,13, #FF0000
28, 1,14, #FF0000
28, 1,15, #FF0000
28, 1,16, #FF0000
28, 1,17, #FF0000
28, 1,18, #FF0000
30, 1,14, #FFFF00
30, 1,15, #FFFF00
30, 1,16, #FFFF00
30, 1,17, #FFFF00
31, 1,14, #FFFF00
31, 1,15, #FFFF00
31, 1,16, #FFFF00
31, 1,17, #FFFF00
31, 1,13, #FFFF00
31, 1,18, #FFFF00
32, 1,13, #FFFF00
32, 1,14, #FFFF00
32, 1,15, #FFFF00
32, 1,16, #FFFF00
32, 1,17, #FFFF00
32, 1,18, #FFFF00
33, 1,14, #FFFF00
33, 1,15, #FFFF00
33, 1,16, #FFFF00
33, 1,17, #FFFF00
34, 1,16, #FFFF00
34, 1,17, #FFFF00
1, 2,13, #0000FF
1, 2,14, #0000FF
1, 2,15, #0000FF
1, 2,16, #0000FF
2, 2,13, #0000FF
2, 2,14, #0000FF
2, 2,15, #0000FF
2, 2,16, #0000FF
1, 2,17, #0000FF
2, 2,17, #0000FF
3, 2,12, #0000FF
3, 2,13, #0000FF
3, 2,14, #0000FF
3, 2,15, #0000FF
4, 2,12, #0000FF
4, 2,13, #0000FF
4, 2,14, #0000FF
4, 2,15, #0000FF
3, 2,16, #0000FF
3, 2,17, #0000FF
4, 2,16, #0000FF
5, 2,13, #0000FF
5, 2,14, #0000FF
5, 2,15, #0000FF
5, 2,16, #0000FF
5, 2,17, #0000FF
6, 2,9, #FF0000
6, 2,10, #FF0000
6, 2,11, #FF0000
6, 2,12, #FF0000
6, 2,13, #FF0000
6, 2,14, #FF0000
6, 2,15, #FF0000
6, 2,16, #FF0000
7, 2,9, #FF0000
7, 2,10, #FF0000
7, 2,11, #FF0000
7, 2,12, #FF0000
7, 2,13, #FF0000
7, 2,14, #FF0000
7, 2,15, #FF0000
7, 2,16, #FF0000
6, 2,17, #FF0000
6, 2,18, #FF0000
6, 2,19, #FF0000
7, 2,17, #FF0000
7, 2,18, #FF0000
7, 2,19, #FF0000
8, 2,9, #FF0000
8, 2,10, #FF0000
8, 2,11, #FF0000
8, 2,12, #FF0000
8, 2,13, #FF0000
8, 2,14, #FF0000
8, 2,15, #FF0000
8, 2,16, #FF0000
9, 2,9, #FF0000
9, 2,10, #FF0000
9, 2,11, #FF0000
9, 2,12, #FF0000
9, 2,13, #FF0000
9, 2,14, #FF0000
9, 2,15, #FF0000
9, 2,16, #FF0000
8, 2,17, #FF0000
8, 2,18, #FF0000
8, 2,19, #FF0000
9, 2,17, #FF0000
9, 2,18, #FF0000
9, 2,19, #FF0000
10, 2,9, #FF0000
10, 2,10, #FF0000
10, 2,11, #FF0000
10, 2,12, #FF0000
10, 2,13, #FF0000
10, 2,14, #FF0000
10, 2,15, #FF0000
10, 2,16, #FF0000
11, 2,9, #FF0000
11, 2,10, #FF0000
11, 2,11, #FF0000
11, 2,12, #FF0000
11, 2,13, #FF0000
11, 2,14, #FF0000
11, 2,15, #FF0000
11, 2,16, #FF0000
10, 2,17, #FF0000
10, 2,18, #FF0000
10, 2,19, #FF0000
11, 2,17, #FF0000
11, 2,18, #FF0000
11, 2,19, #FF0000
12, 2,9, #FF0000
12, 2,10, #FF0000
12, 2,11, #FF0000
12, 2,12, #FF0000
12, 2,13, #FF0000
12, 2,14, #FF0000
12, 2,15, #FF0000
12, 2,16, #FF0000
13, 2,9, #FF0000
13, 2,10, #FF0000
13, 2,11, #FF0000
13, 2,12, #FF0000
13, 2,13, #FF0000
13, 2,14, #FF0000
13, 2,15, #FF0000
13, 2,16, #FF0000
12, 2,17, #FF0000
12, 2,18, #FF0000
12, 2,19, #FF0000
13, 2,17, #FF0000
13, 2,18, #FF0000
13, 2,19, #FF0000
14, 2,9, #FF0000
14, 2,10, #FF0000
14, 2,11, #FF0000
14, 2,12, #FF0000
14, 2,13, #FF0000
14, 2,14, #FF0000
14, 2,15, #FF0000
14, 2,16, #FF0000
15, 2,9, #FF0000
15, 2,10, #FF0000
15, 2,11, #FF0000
15, 2,12, #FF0000
15, 2,13, #FF0000
15, 2,14, #FF0000
15, 2,15, #FF0000
15, 2,16, #FF0000
14, 2,17, #FF0000
14, 2,18, #FF0000
14, 2,19, #FF0000
15, 2,17, #FF0000
15, 2,18, #FF0000
15, 2,19, #FF0000
16, 2,9, #FF0000
16, 2,10, #FF0000
16, 2,11, #FF0000
16, 2,12, #FF0000
16, 2,13, #FF0000
16, 2,14, #FF0000
16, 2,15, #FF0000
16, 2,16, #FF0000
17, 2,9, #FF0000
17, 2,10, #FF0000
17, 2,11, #FF0000
17, 2,12, #FF0000
17, 2,13, #FF0000
17, 2,14, #FF0000
17, 2,15, #FF0000
17, 2,16, #FF0000
16, 2,17, #FF0000
16, 2,18, #FF0000
16, 2,19, #FF0000
17, 2,17, #FF0000
17, 2,18, #FF0000
17, 2,19, #FF0000
18, 2,9, #FF0000
18, 2,10, #FF0000
18, 2,11, #FF0000
18, 2,12, #FF0000
18, 2,13, #FF0000
18, 2,14, #FF0000
18, 2,15, #FF0000
18, 2,16, #FF0000
19, 2,9, #FF0000
19, 2,10, #FF0000
19, 2,11, #FF0000
19, 2,12, #FF0000
19, 2,13, #FF0000
19, 2,14, #FF0000
19, 2,15, #FF0000
19, 2,16, #FF0000
18, 2,17, #FF0000
18, 2,18, #FF0000
18, 2,19, #FF0000
19, 2,17, #FF0000
19, 2,18, #FF0000
19, 2,19, #FF0000
20, 2,9, #FF0000
20, 2,10, #FF0000
20, 2,11, #FF0000
20, 2,12, #FF0000
20, 2,13, #FF0000
20, 2,14, #FF0000
20, 2,15, #FF0000
20, 2,16, #FF0000
21, 2,9, #FF0000
21, 2,10, #FF0000
21, 2,11, #FF0000
21, 2,12, #FF0000
21, 2,13, #FF0000
21, 2,14, #FF0000
21, 2,15, #FF0000
21, 2,16, #FF0000
20, 2,17, #FF0000
20, 2,18, #FF0000
20, 2,19, #FF0000
21, 2,17, #FF0000
21, 2,18, #FF0000
21, 2,19, #FF0000
22, 2,9, #FF0000
22, 2,10, #FF0000
22, 2,11, #FF0000
22, 2,12, #FF0000
22, 2,13, #FF0000
22, 2,14, #FF0000
22, 2,15, #FF0000
22, 2,16, #FF0000
23, 2,9, #FF0000
23, 2,10, #FF0000
23, 2,11, #FF0000
23, 2,12, #FF0000
23, 2,13, #FF0000
23, 2,14, #FF0000
23, 2,15, #FF0000
23, 2,16, #FF0000
22, 2,17, #FF0000
22, 2,18, #FF0000
22, 2,19, #FF0000
23, 2,17, #FF0000
23, 2,18, #FF0000
23, 2,19, #FF0000
24, 2,9, #FF0000
24, 2,10, #FF0000
24, 2,11, #FF0000
24, 2,12, #FF0000
24, 2,13, #FF0000
24, 2,14, #FF0000
24, 2,15, #FF0000
24, 2,16, #FF0000
25, 2,9, #FF0000
25, 2,10, #FF0000
25, 2,11, #FF0000
25, 2,12, #FF0000
25, 2,13, #FF0000
25, 2,14, #FF0000
25, 2,15, #FF0000
25, 2,16, #FF0000
24, 2,17, #FF0000
24, 2,18, #FF0000
24, 2,19, #FF0000
25, 2,17, #FF0000
25, 2,18, #FF0000
25, 2,19, #FF0000
26, 2,9, #FF0000
26, 2,10, #FF0000
26, 2,11, #FF0000
26, 2,12, #FF0000
26, 2,13, #FF0000
26, 2,14, #FF0000
26, 2,15, #FF0000
26, 2,16, #FF0000
27, 2,9, #FF0000
27, 2,10, #FF0000
27, 2,11, #FF0000
27, 2,12, #FF0000
27, 2,13, #FF0000
27, 2,14, #FF0000
27, 2,15, #FF0000
27, 2,16, #FF0000
26, 2,17, #FF0000
26, 2,18, #FF0000
26, 2,19, #FF0000
27, 2,17, #FF0000
27, 2,18, #FF0000
27, 2,19, #FF0000
29, 2,14, #0000FF
30, 2,12, #0000FF
30, 2,13, #0000FF
30, 2,14, #0000FF
30, 2,15, #0000FF
31, 2,12, #0000FF
31, 2,13, #0000FF
31, 2,14, #0000FF
31, 2,15, #0000FF
30, 2,16, #0000FF
31, 2,16, #0000FF
31, 2,17, #0000FF
32, 2,16, #0000FF
32, 2,17, #0000FF
32, 2,13, #0000FF
32, 2,14, #0000FF
32, 2,15, #0000FF
33, 2,13, #0000FF
33, 2,14, #0000FF
33, 2,15, #0000FF
33, 2,16, #0000FF
33, 2,17, #0000FF
1, 3,13, #0000FF
1, 3,14, #0000FF
2, 3,13, #0000FF
2, 3,14, #0000FF
3, 3,13, #0000FF
3, 3,14, #0000FF
4, 3,13, #0000FF
4, 3,14, #0000FF
1, 3,15, #0000FF
2, 3,12, #0000FF
2, 3,15, #0000FF
2, 3,16, #0000FF
3, 3,15, #0000FF
3, 3,16, #0000FF
3, 3,11, #0000FF
3, 3,12, #0000FF
4, 3,12, #0000FF
4, 3,15, #0000FF
4, 3,16, #0000FF
5, 3,13, #0000FF
5, 3,14, #0000FF
7, 3,9, #FF0000
7, 3,10, #FF0000
7, 3,11, #FF0000
7, 3,12, #FF0000
7, 3,13, #FF0000
7, 3,14, #FF0000
7, 3,15, #FF0000
7, 3,16, #FF0000
8, 3,9, #FF0000
8, 3,10, #FF0000
8, 3,11, #FF0000
8, 3,12, #FF0000
8, 3,13, #FF0000
8, 3,14, #FF0000
8, 3,15, #FF0000
8, 3,16, #FF0000
7, 3,17, #FF0000
7, 3,18, #FF0000
7, 3,19, #FF0000
8, 3,17, #FF0000
8, 3,18, #FF0000
8, 3,19, #FF0000
9, 3,9, #FF0000
9, 3,10, #FF0000
9, 3,11, #FF0000
9, 3,12, #FF0000
9, 3,13, #FF0000
9, 3,14, #FF0000
9, 3,15, #FF0000
9, 3,16, #FF0000
10, 3,9, #FF0000
10, 3,10, #FF0000
10, 3,11, #FF0000
10, 3,12, #FF0000
10, 3,13, #FF0000
10, 3,14, #FF0000
10, 3,15, #FF0000
10, 3,16, #FF0000
9, 3,17, #FF0000
9, 3,18, #FF0000
9, 3,19, #FF0000
10, 3,17, #FF0000
10, 3,18, #FF0000
10, 3,19, #FF0000
11, 3,9, #FF0000
11, 3,10, #FF0000
11, 3,11, #FF0000
11, 3,12, #FF0000
11, 3,13, #FF0000
11, 3,14, #FF0000
11, 3,15, #FF0000
11, 3,16, #FF0000
12, 3,9, #FF0000
12, 3,10, #FF0000
12, 3,11, #FF0000
12, 3,12, #FF0000
12, 3,13, #FF0000
12, 3,14, #FF0000
12, 3,15, #FF0000
12, 3,16, #FF0000
11, 3,17, #FF0000
11, 3,18, #FF0000
11, 3,19, #FF0000
12, 3,17, #FF0000
12, 3,18, #FF0000
12, 3,19, #FF0000
13, 3,9, #FF0000
13, 3,10, #FF0000
13, 3,11, #FF0000
13, 3,12, #FF0000
13, 3,13, #FF0000
13, 3,14, #FF0000
13, 3,15, #FF0000
13, 3,16, #FF0000
14, 3,9, #FF0000
14, 3,10, #FF0000
14, 3,11, #FF0000
14, 3,12, #FF0000
14, 3,13, #FF0000
14, 3,14, #FF0000
14, 3,15, #FF0000
14, 3,16, #FF0000
13, 3,17, #FF0000
13, 3,18, #FF0000
13, 3,19, #FF0000
14, 3,17, #FF0000
14, 3,18, #FF0000
14, 3,19, #FF0000
15, 3,9, #FF0000
15, 3,10, #FF0000
15, 3,11, #FF0000
15, 3,12, #FF0000
15, 3,13, #FF0000
15, 3,14, #FF0000
15, 3,15, #FF0000
15, 3,16, #FF0000
16, 3,9, #FF0000
16, 3,10, #FF0000
16, 3,11, #FF0000
16, 3,12, #FF0000
16, 3,13, #FF0000
16, 3,14, #FF0000
16, 3,15, #FF0000
16, 3,16, #FF0000
15, 3,17, #FF0000
15, 3,18, #FF0000
15, 3,19, #FF0000
16, 3,17, #FF0000
16, 3,18, #FF0000
16, 3,19, #FF0000
17, 3,9, #FF0000
17, 3,10, #FF0000
17, 3,11, #FF0000
17, 3,12, #FF0000
17, 3,13, #FF0000
17, 3,14, #FF0000
17, 3,15, #FF0000
17, 3,16, #FF0000
18, 3,9, #FF0000
18, 3,10, #FF0000
18, 3,11, #FF0000
18, 3,12, #FF0000
18, 3,13, #FF0000
18, 3,14, #FF0000
18, 3,15, #FF0000
18, 3,16, #FF0000
17, 3,17, #FF0000
17, 3,18, #FF0000
17, 3,19, #FF0000
18, 3,17, #FF0000
18, 3,18, #FF0000
18, 3,19, #FF0000
19, 3,9, #FF0000
19, 3,10, #FF0000
19, 3,11, #FF0000
19, 3,12, #FF0000
19, 3,13, #FF0000
19, 3,14, #FF0000
19, 3,15, #FF0000
19, 3,16, #FF0000
20, 3,9, #FF0000
20, 3,10, #FF0000
20, 3,11, #FF0000
20, 3,12, #FF0000
20, 3,13, #FF0000
20, 3,14, #FF0000
20, 3,15, #FF0000
20, 3,16, #FF0000
19, 3,17, #FF0000
19, 3,18, #FF0000
19, 3,19, #FF0000
20, 3,17, #FF0000
20, 3,18, #FF0000
20, 3,19, #FF0000
21, 3,9, #FF0000
21, 3,10, #FF0000
21, 3,11, #FF0000
21, 3,12, #FF0000
21, 3,13, #FF0000
21, 3,14, #FF0000
21, 3,15, #FF0000
21, 3,16, #FF0000
22, 3,9, #FF0000
22, 3,10, #FF0000
22, 3,11, #FF0000
22, 3,12, #FF0000
22, 3,13, #FF0000
22, 3,14, #FF0000
22, 3,15, #FF0000
22, 3,16, #FF0000
21, 3,17, #FF0000
21, 3,18, #FF0000
21, 3,19, #FF0000
22, 3,17, #FF0000
22, 3,18, #FF0000
22, 3,19, #FF0000
23, 3,9, #FF0000
23, 3,10, #FF0000
23, 3,11, #FF0000
23, 3,12, #FF0000
23, 3,13, #FF0000
23, 3,14, #FF0000
23, 3,15, #FF0000
23, 3,16, #FF0000
24, 3,9, #FF0000
24, 3,10, #FF0000
24, 3,11, #FF0000
24, 3,12, #FF0000
24, 3,13, #FF0000
24, 3,14, #FF0000
24, 3,15, #FF0000
24, 3,16, #FF0000
23, 3,17, #FF0000
23, 3,18, #FF0000
23, 3,19, #FF0000
24, 3,17, #FF0000
24, 3,18, #FF0000
24, 3,19, #FF0000
25, 3,9, #FF0000
25, 3,10, #FF0000
25, 3,11, #FF0000
25, 3,12, #FF0000
25, 3,13, #FF0000
25, 3,14, #FF0000
25, 3,15, #FF0000
25, 3,16, #FF0000
26, 3,9, #FF0000
26, 3,10, #FF0000
26, 3,11, #FF0000
26, 3,12, #FF0000
26, 3,13, #FF0000
26, 3,14, #FF0000
26, 3,15, #FF0000
26, 3,16, #FF0000
25, 3,17, #FF0000
25, 3,18, #FF0000
25, 3,19, #FF0000
26, 3,17, #FF0000
26, 3,18, #FF0000
26, 3,19, #FF0000
27, 3,9, #FF0000
27, 3,10, #FF0000
27, 3,11, #FF0000
27, 3,12, #FF0000
27, 3,13, #FF0000
27, 3,14, #FF0000
27, 3,15, #FF0000
27, 3,16, #FF0000
27, 3,17, #FF0000
27, 3,18, #FF0000
27, 3,19, #FF0000
29, 3,13, #0000FF
29, 3,14, #0000FF
30, 3,13, #0000FF
30, 3,14, #0000FF
30, 3,12, #0000FF
30, 3,15, #0000FF
30, 3,16, #0000FF
31, 3,15, #0000FF
31, 3,16, #0000FF
31, 3,11, #0000FF
31, 3,12, #0000FF
31, 3,13, #0000FF
31, 3,14, #0000FF
32, 3,12, #0000FF
32, 3,13, #0000FF
32, 3,14, #0000FF
32, 3,15, #0000FF
32, 3,16, #0000FF
33, 3,13, #0000FF
33, 3,14, #0000FF
33, 3,15, #0000FF
1, 4,13, #0000FF
1, 4,14, #0000FF
2, 4,13, #0000FF
2, 4,14, #0000FF
2, 4,11, #0000FF
2, 4,12, #0000FF
3, 4,11, #0000FF
3, 4,12, #0000FF
2, 4,15, #0000FF
3, 4,13, #0000FF
3, 4,14, #0000FF
3, 4,15, #0000FF
4, 4,13, #0000FF
4, 4,14, #0000FF
4, 4,15, #0000FF
4, 4,11, #0000FF
4, 4,12, #0000FF
5, 4,12, #0000FF
5, 4,13, #0000FF
5, 4,14, #0000FF
7, 4,9, #FF0000
7, 4,10, #FF0000
8, 4,9, #FF0000
8, 4,10, #FF0000
9, 4,9, #FF0000
9, 4,10, #FF0000
10, 4,9, #FF0000
10, 4,10, #FF0000
11, 4,9, #FF0000
11, 4,10, #FF0000
12, 4,9, #FF0000
12, 4,10, #FF0000
13, 4,9, #FF0000
13, 4,10, #FF0000
14, 4,9, #FF0000
14, 4,10, #FF0000
7, 4,11, #FF0000
7, 4,12, #FF0000
7, 4,13, #FF0000
7, 4,14, #FF0000
7, 4,15, #FF0000
7, 4,16, #FF0000
7, 4,17, #FF0000
7, 4,18, #FF0000
8, 4,11, #FF0000
8, 4,12, #FF0000
8, 4,13, #FF0000
8, 4,14, #FF0000
8, 4,15, #FF0000
8, 4,16, #FF0000
8, 4,17, #FF0000
8, 4,18, #FF0000
7, 4,19, #FF0000
8, 4,19, #FF0000
9, 4,11, #FF0000
9, 4,12, #FF0000
9, 4,13, #FF0000
9, 4,14, #FF0000
9, 4,15, #FF0000
9, 4,16, #FF0000
9, 4,17, #FF0000
9, 4,18, #FF0000
10, 4,11, #FF0000
10, 4,12, #FF0000
10, 4,13, #FF0000
10, 4,14, #FF0000
10, 4,15, #FF0000
10, 4,16, #FF0000
10, 4,17, #FF0000
10, 4,18, #FF0000
9, 4,19, #FF0000
10, 4,19, #FF0000
11, 4,11, #FF0000
11, 4,12, #FF0000
11, 4,13, #FF0000
11, 4,14, #FF0000
11, 4,15, #FF0000
11, 4,16, #FF0000
11, 4,17, #FF0000
11, 4,18, #FF0000
12, 4,11, #FF0000
12, 4,12, #FF0000
12, 4,13, #FF0000
12, 4,14, #FF0000
12, 4,15, #FF0000
12, 4,16, #FF0000
12, 4,17, #FF0000
12, 4,18, #FF0000
11, 4,19, #FF0000
12, 4,19, #FF0000
13, 4,11, #FF0000
13, 4,12, #FF0000
13, 4,13, #FF0000
13, 4,14, #FF0000
13, 4,15, #FF0000
13, 4,16, #FF0000
13, 4,17, #FF0000
13, 4,18, #FF0000
14, 4,11, #FF0000
14, 4,12, #FF0000
14, 4,13, #FF0000
14, 4,14, #FF0000
14, 4,15, #FF0000
14, 4,16, #FF0000
14, 4,17, #FF0000
14, 4,18, #FF0000
13, 4,19, #FF0000
14, 4,19, #FF0000
15, 4,9, #FF0000
15, 4,10, #FF0000
16, 4,9, #FF0000
16, 4,10, #FF0000
17, 4,9, #FF0000
17, 4,10, #FF0000
18, 4,9, #FF0000
18, 4,10, #FF0000
19, 4,9, #FF0000
19, 4,10, #FF0000
20, 4,9, #FF0000
20, 4,10, #FF0000
21, 4,9, #FF0000
21, 4,10, #FF0000
22, 4,9, #FF0000
22, 4,10, #FF0000
15, 4,11, #FF0000
15, 4,12, #FF0000
15, 4,13, #FF0000
15, 4,14, #FF0000
15, 4,15, #FF0000
15, 4,16, #FF0000
15, 4,17, #FF0000
15, 4,18, #FF0000
16, 4,11, #FF0000
16, 4,12, #FF0000
16, 4,13, #FF0000
16, 4,14, #FF0000
16, 4,15, #FF0000
16, 4,16, #FF0000
16, 4,17, #FF0000
16, 4,18, #FF0000
15, 4,19, #FF0000
16, 4,19, #FF0000
17, 4,11, #FF0000
17, 4,12, #FF0000
17, 4,13, #FF0000
17, 4,14, #FF0000
17, 4,15, #FF0000
17, 4,16, #FF0000
17, 4,17, #FF0000
17, 4,18, #FF0000
18, 4,11, #FF0000
18, 4,12, #FF0000
18, 4,13, #FF0000
18, 4,14, #FF0000
18, 4,15, #FF0000
18, 4,16, #FF0000
18, 4,17, #FF0000
18, 4,18, #FF0000
17, 4,19, #FF0000
18, 4,19, #FF0000
19, 4,11, #FF0000
19, 4,12, #FF0000
19, 4,13, #FF0000
19, 4,14, #FF0000
19, 4,15, #FF0000
19, 4,16, #FF0000
19, 4,17, #FF0000
19, 4,18, #FF0000
20, 4,11, #FF0000
20, 4,12, #FF0000
20, 4,13, #FF0000
20, 4,14, #FF0000
20, 4,15, #FF0000
20, 4,16, #FF0000
20, 4,17, #FF0000
20, 4,18, #FF0000
19, 4,19, #FF0000
20, 4,19, #FF0000
21, 4,11, #FF0000
21, 4,12, #FF0000
21, 4,13, #FF0000
21, 4,14, #FF0000
21, 4,15, #FF0000
21, 4,16, #FF0000
21, 4,17, #FF0000
21, 4,18, #FF0000
22, 4,11, #FF0000
22, 4,12, #FF0000
22, 4,13, #FF0000
22, 4,14, #FF0000
22, 4,15, #FF0000
22, 4,16, #FF0000
22, 4,17, #FF0000
22, 4,18, #FF0000
21, 4,19, #FF0000
22, 4,19, #FF0000
23, 4,9, #FF0000
23, 4,10, #FF0000
23, 4,11, #FF0000
23, 4,12, #FF0000
23, 4,13, #FF0000
23, 4,14, #FF0000
24, 4,9, #FF0000
24, 4,10, #FF0000
24, 4,11, #FF0000
24, 4,12, #FF0000
24, 4,13, #FF0000
24, 4,14, #FF0000
23, 4,15, #FF0000
23, 4,16, #FF0000
23, 4,17, #FF0000
23, 4,18, #FF0000
24, 4,15, #FF0000
24, 4,16, #FF0000
24, 4,17, #FF0000
24, 4,18, #FF0000
23, 4,19, #FF0000
24, 4,19, #FF0000
25, 4,9, #FF0000
25, 4,10, #FF0000
25, 4,11, #FF0000
25, 4,12, #FF0000
25, 4,13, #FF0000
25, 4,14, #FF0000
26, 4,9, #FF0000
26, 4,10, #FF0000
26, 4,11, #FF0000
26, 4,12, #FF0000
26, 4,13, #FF0000
26, 4,14, #FF0000
25, 4,15, #FF0000
25, 4,16, #FF0000
25, 4,17, #FF0000
25, 4,18, #FF0000
26, 4,15, #FF0000
26, 4,16, #FF0000
26, 4,17, #FF0000
26, 4,18, #FF0000
25, 4,19, #FF0000
26, 4,19, #FF0000
27, 4,9, #FF0000
27, 4,10, #FF0000
27, 4,11, #FF0000
27, 4,12, #FF0000
27, 4,13, #FF0000
27, 4,14, #FF0000
27, 4,15, #FF0000
27, 4,16, #FF0000
27, 4,17, #FF0000
27, 4,18, #FF0000
27, 4,19, #FF0000
29, 4,12, #0000FF
29, 4,13, #0000FF
29, 4,14, #0000FF
30, 4,12, #0000FF
30, 4,13, #0000FF
30, 4,14, #0000FF
30, 4,11, #0000FF
30, 4,15, #0000FF
31, 4,11, #0000FF
31, 4,12, #0000FF
31, 4,13, #0000FF
31, 4,14, #0000FF
32, 4,11, #0000FF
32, 4,12, #0000FF
32, 4,13, #0000FF
32, 4,14, #0000FF
31, 4,15, #0000FF
32, 4,15, #0000FF
33, 4,13, #0000FF
33, 4,14, #0000FF
2, 5,11, #0000FF
2, 5,12, #0000FF
2, 5,13, #0000FF
2, 5,14, #0000FF
3, 5,11, #0000FF
3, 5,12, #0000FF
3, 5,13, #0000FF
3, 5,14, #0000FF
3, 5,15, #0000FF
4, 5,11, #0000FF
4, 5,12, #0000FF
4, 5,13, #0000FF
4, 5,14, #0000FF
5, 5,11, #0000FF
5, 5,12, #0000FF
5, 5,13, #0000FF
5, 5,14, #0000FF
4, 5,15, #0000FF
7, 5,9, #FF0000
7, 5,10, #FF0000
7, 5,11, #FF0000
7, 5,12, #FF0000
7, 5,13, #FF0000
7, 5,14, #FF0000
7, 5,15, #FF0000
7, 5,16, #FF0000
8, 5,9, #FF0000
8, 5,10, #FF0000
8, 5,11, #FF0000
8, 5,12, #FF0000
8, 5,13, #FF0000
8, 5,14, #FF0000
8, 5,15, #FF0000
8, 5,16, #FF0000
7, 5,17, #FF0000
7, 5,18, #FF0000
7, 5,19, #FF0000
8, 5,17, #FF0000
8, 5,18, #FF0000
8, 5,19, #FF0000
9, 5,9, #FF0000
9, 5,10, #FF0000
9, 5,11, #FF0000
9, 5,12, #FF0000
9, 5,13, #FF0000
9, 5,14, #FF0000
9, 5,15, #FF0000
9, 5,16, #FF0000
10, 5,9, #FF0000
10, 5,10, #FF0000
10, 5,11, #FF0000
10, 5,12, #FF0000
10, 5,13, #FF0000
10, 5,14, #FF0000
10, 5,15, #FF0000
10, 5,16, #FF0000
9, 5,17, #FF0000
9, 5,18, #FF0000
9, 5,19, #FF0000
10, 5,17, #FF0000
10, 5,18, #FF0000
10, 5,19, #FF0000
11, 5,9, #FF0000
11, 5,10, #FF0000
11, 5,11, #FF0000
11, 5,12, #FF0000
11, 5,13, #FF0000
11, 5,14, #FF0000
11, 5,15, #FF0000
11, 5,16, #FF0000
12, 5,9, #FF0000
12, 5,10, #FF0000
12, 5,11, #FF0000
12, 5,12, #FF0000
12, 5,13, #FF0000
12, 5,14, #FF0000
12, 5,15, #FF0000
12, 5,16, #FF0000
11, 5,17, #FF0000
11, 5,18, #FF0000
11, 5,19, #FF0000
12, 5,17, #FF0000
12, 5,18, #FF0000
12, 5,19, #FF0000
13, 5,9, #FF0000
13, 5,10, #FF0000
13, 5,11, #FF0000
13, 5,12, #FF0000
13, 5,13, #FF0000
13, 5,14, #FF0000
13, 5,15, #FF0000
13, 5,16, #FF0000
14, 5,9, #FF0000
14, 5,10, #FF0000
14, 5,11, #FF0000
14, 5,12, #FF0000
14, 5,13, #FF0000
14, 5,14, #FF0000
14, 5,15, #FF0000
14, 5,16, #FF0000
13, 5,17, #FF0000
13, 5,18, #FF0000
13, 5,19, #FF0000
14, 5,17, #FF0000
14, 5,18, #FF0000
14, 5,19, #FF0000
15, 5,9, #FF0000
15, 5,10, #FF0000
15, 5,11, #FF0000
15, 5,12, #FF0000
15, 5,13, #FF0000
15, 5,14, #FF0000
15, 5,15, #FF0000
15, 5,16, #FF0000
16, 5,9, #FF0000
16, 5,10, #FF0000
16, 5,11, #FF0000
16, 5,12, #FF0000
16, 5,13, #FF0000
16, 5,14, #FF0000
16, 5,15, #FF0000
16, 5,16, #FF0000
15, 5,17, #FF0000
15, 5,18, #FF0000
15, 5,19, #FF0000
16, 5,17, #FF0000
16, 5,18, #FF0000
16, 5,19, #FF0000
17, 5,9, #FF0000
17, 5,10, #FF0000
17, 5,11, #FF0000
17, 5,12, #FF0000
17, 5,13, #FF0000
17, 5,14, #FF0000
17, 5,15, #FF0000
17, 5,16, #FF0000
18, 5,9, #FF0000
18, 5,10, #FF0000
18, 5,11, #FF0000
18, 5,12, #FF0000
18, 5,13, #FF0000
18, 5,14, #FF0000
18, 5,15, #FF0000
18, 5,16, #FF0000
17, 5,17, #FF0000
17, 5,18, #FF0000
17, 5,19, #FF0000
18, 5,17, #FF0000
18, 5,18, #FF0000
18, 5,19, #FF0000
19, 5,9, #FF0000
19, 5,10, #FF0000
19, 5,11, #FF0000
19, 5,12, #FF0000
19, 5,13, #FF0000
19, 5,14, #FF0000
19, 5,15, #FF0000
19, 5,16, #FF0000
20, 5,9, #FF0000
20, 5,10, #FF0000
20, 5,11, #FF0000
20, 5,12, #FF0000
20, 5,13, #FF0000
20, 5,14, #FF0000
20, 5,15, #FF0000
20, 5,16, #FF0000
19, 5,17, #FF0000
19, 5,18, #FF0000
19, 5,19, #FF0000
20, 5,17, #FF0000
20, 5,18, #FF0000
20, 5,19, #FF0000
21, 5,9, #FF0000
21, 5,10, #FF0000
21, 5,11, #FF0000
21, 5,12, #FF0000
21, 5,13, #FF0000
21, 5,14, #FF0000
21, 5,15, #FF0000
21, 5,16, #FF0000
22, 5,9, #FF0000
22, 5,10, #FF0000
22, 5,11, #FF0000
22, 5,12, #FF0000
22, 5,13, #FF0000
22, 5,14, #FF0000
22, 5,15, #FF0000
22, 5,16, #FF0000
21, 5,17, #FF0000
21, 5,18, #FF0000
21, 5,19, #FF0000
22, 5,17, #FF0000
22, 5,18, #FF0000
22, 5,19, #FF0000
23, 5,9, #FF0000
23, 5,10, #FF0000
23, 5,11, #FF0000
23, 5,12, #FF0000
23, 5,13, #FF0000
23, 5,14, #FF0000
23, 5,15, #FF0000
23, 5,16, #FF0000
24, 5,9, #FF0000
24, 5,10, #FF0000
24, 5,11, #FF0000
24, 5,12, #FF0000
24, 5,13, #FF0000
24, 5,14, #FF0000
24, 5,15, #FF0000
24, 5,16, #FF0000
23, 5,17, #FF0000
23, 5,18, #FF0000
23, 5,19, #FF0000
24, 5,17, #FF0000
24, 5,18, #FF0000
24, 5,19, #FF0000
25, 5,9, #FF0000
25, 5,10, #FF0000
25, 5,11, #FF0000
25, 5,12, #FF0000
25, 5,13, #FF0000
25, 5,14, #FF0000
25, 5,15, #FF0000
25, 5,16, #FF0000
26, 5,9, #FF0000
26, 5,10, #FF0000
26, 5,11, #FF0000
26, 5,12, #FF0000
26, 5,13, #FF0000
26, 5,14, #FF0000
26, 5,15, #FF0000
26, 5,16, #FF0000
25, 5,17, #FF0000
25, 5,18, #FF0000
25, 5,19, #FF0000
26, 5,17, #FF0000
26, 5,18, #FF0000
26, 5,19, #FF0000
27, 5,9, #FF0000
27, 5,10, #FF0000
27, 5,11, #FF0000
27, 5,12, #FF0000
27, 5,13, #FF0000
27, 5,14, #FF0000
27, 5,15, #FF0000
27, 5,16, #FF0000
27, 5,17, #FF0000
27, 5,18, #FF0000
27, 5,19, #FF0000
29, 5,11, #0000FF
29, 5,12, #0000FF
29, 5,13, #0000FF
29, 5,14, #0000FF
30, 5,11, #0000FF
30, 5,12, #0000FF
30, 5,13, #0000FF
30, 5,14, #0000FF
30, 5,15, #0000FF
31, 5,11, #0000FF
31, 5,12, #0000FF
31, 5,13, #0000FF
32, 5,11, #0000FF
32, 5,12, #0000FF
32, 5,13, #0000FF
31, 5,14, #0000FF
31, 5,15, #0000FF
32, 5,14, #0000FF
2, 6,12, #0000FF
2, 6,13, #0000FF
2, 6,14, #0000FF
3, 6,12, #0000FF
3, 6,13, #0000FF
3, 6,14, #0000FF
3, 6,11, #0000FF
4, 6,10, #0000FF
4, 6,11, #0000FF
4, 6,12, #0000FF
4, 6,13, #0000FF
4, 6,14, #0000FF
4, 6,15, #0000FF
5, 6,11, #0000FF
5, 6,12, #0000FF
5, 6,13, #0000FF
5, 6,14, #0000FF
7, 6,9, #FF0000
7, 6,10, #FF0000
8, 6,9, #FF0000
8, 6,10, #FF0000
9, 6,9, #FF0000
9, 6,10, #FF0000
10, 6,9, #FF0000
10, 6,10, #FF0000
11, 6,9, #FF0000
11, 6,10, #FF0000
12, 6,9, #FF0000
12, 6,10, #FF0000
13, 6,9, #FF0000
13, 6,10, #FF0000
14, 6,9, #FF0000
14, 6,10, #FF0000
7, 6,11, #FF0000
7, 6,12, #FF0000
7, 6,13, #FF0000
7, 6,14, #FF0000
7, 6,15, #FF0000
7, 6,16, #FF0000
7, 6,17, #FF0000
7, 6,18, #FF0000
8, 6,11, #FF0000
8, 6,12, #FF0000
8, 6,13, #FF0000
8, 6,14, #FF0000
8, 6,15, #FF0000
8, 6,16, #FF0000
8, 6,17, #FF0000
8, 6,18, #FF0000
7, 6,19, #FF0000
8, 6,19, #FF0000
9, 6,11, #FF0000
9, 6,12, #FF0000
9, 6,13, #FF0000
9, 6,14, #FF0000
9, 6,15, #FF0000
9, 6,16, #FF0000
9, 6,17, #FF0000
9, 6,18, #FF0000
10, 6,11, #FF0000
10, 6,12, #FF0000
10, 6,13, #FF0000
10, 6,14, #FF0000
10, 6,15, #FF0000
10, 6,16, #FF0000
10, 6,17, #FF0000
10, 6,18, #FF0000
9, 6,19, #FF0000
10, 6,19, #FF0000
11, 6,11, #FF0000
11, 6,12, #FF0000
11, 6,13, #FF0000
11, 6,14, #FF0000
11, 6,15, #FF0000
11, 6,16, #FF0000
11, 6,17, #FF0000
11, 6,18, #FF0000
12, 6,11, #FF0000
12, 6,12, #FF0000
12, 6,13, #FF0000
12, 6,14, #FF0000
12, 6,15, #FF0000
12, 6,16, #FF0000
12, 6,17, #FF0000
12, 6,18, #FF0000
11, 6,19, #FF0000
12, 6,19, #FF0000
13, 6,11, #FF0000
13, 6,12, #FF0000
13, 6,13, #FF0000
13, 6,14, #FF0000
13, 6,15, #FF0000
13, 6,16, #FF0000
13, 6,17, #FF0000
13, 6,18, #FF0000
14, 6,11, #FF0000
14, 6,12, #FF0000
14, 6,13, #FF0000
14, 6,14, #FF0000
14, 6,15, #FF0000
14, 6,16, #FF0000
14, 6,17, #FF0000
14, 6,18, #FF0000
13, 6,19, #FF0000
14, 6,19, #FF0000
15, 6,9, #FF0000
15, 6,10, #FF0000
16, 6,9, #FF0000
16, 6,10, #FF0000
17, 6,9, #FF0000
17, 6,10, #FF0000
18, 6,9, #FF0000
18, 6,10, #FF0000
19, 6,9, #FF0000
19, 6,10, #FF0000
20, 6,9, #FF0000
20, 6,10, #FF0000
21, 6,9, #FF0000
21, 6,10, #FF0000
22, 6,9, #FF0000
22, 6,10, #FF0000
15, 6,11, #FF0000
15, 6,12, #FF0000
15, 6,13, #FF0000
15, 6,14, #FF0000
15, 6,15, #FF0000
15, 6,16, #FF0000
15, 6,17, #FF0000
15, 6,18, #FF0000
16, 6,11, #FF0000
16, 6,12, #FF0000
16, 6,13, #FF0000
16, 6,14, #FF0000
16, 6,15, #FF0000
16, 6,16, #FF0000
16, 6,17, #FF0000
16, 6,18, #FF0000
15, 6,19, #FF0000
16, 6,19, #FF0000
17, 6,11, #FF0000
17, 6,12, #FF0000
17, 6,13, #FF0000
17, 6,14, #FF0000
17, 6,15, #FF0000
17, 6,16, #FF0000
17, 6,17, #FF0000
17, 6,18, #FF0000
18, 6,11, #FF0000
18, 6,12, #FF0000
18, 6,13, #FF0000
18, 6,14, #FF0000
18, 6,15, #FF0000
18, 6,16, #FF0000
18, 6,17, #FF0000
18, 6,18, #FF0000
17, 6,19, #FF0000
18, 6,19, #FF0000
19, 6,11, #FF0000
19, 6,12, #FF0000
19, 6,13, #FF0000
19, 6,14, #FF0000
19, 6,15, #FF0000
19, 6,16, #FF0000
19, 6,17, #FF0000
19, 6,18, #FF0000
20, 6,11, #FF0000
20, 6,12, #FF0000
20, 6,13, #FF0000
20, 6,14, #FF0000
20, 6,15, #FF0000
20, 6,16, #FF0000
20, 6,17, #FF0000
20, 6,18, #FF0000
19, 6,19, #FF0000
20, 6,19, #FF0000
21, 6,11, #FF0000
21, 6,12, #FF0000
21, 6,13, #FF0000
21, 6,14, #FF0000
21, 6,15, #FF0000
21, 6,16, #FF0000
21, 6,17, #FF0000
21, 6,18, #FF0000
22, 6,11, #FF0000
22, 6,12, #FF0000
22, 6,13, #FF0000
22, 6,14, #FF0000
22, 6,15, #FF0000
22, 6,16, #FF0000
22, 6,17, #FF0000
22, 6,18, #FF0000
21, 6,19, #FF0000
22, 6,19, #FF0000
23, 6,9, #FF0000
23, 6,10, #FF0000
23, 6,11, #FF0000
23, 6,12, #FF0000
23, 6,13, #FF0000
23, 6,14, #FF0000
24, 6,9, #FF0000
24, 6,10, #FF0000
24, 6,11, #FF0000
24, 6,12, #FF0000
24, 6,13, #FF0000
24, 6,14, #FF0000
23, 6,15, #FF0000
23, 6,16, #FF0000
23, 6,17, #FF0000
23, 6,18, #FF0000
24, 6,15, #FF0000
24, 6,16, #FF0000
24, 6,17, #FF0000
24, 6,18, #FF0000
23, 6,19, #FF0000
24, 6,19, #FF0000
25, 6,9, #FF0000
25, 6,10, #FF0000
25, 6,11, #FF0000
25, 6,12, #FF0000
25, 6,13, #FF0000
25, 6,14, #FF0000
26, 6,9, #FF0000
26, 6,10, #FF0000
26, 6,11, #FF0000
26, 6,12, #FF0000
26, 6,13, #FF0000
26, 6,14, #FF0000
25, 6,15, #FF0000
25, 6,16, #FF0000
25, 6,17, #FF0000
25, 6,18, #FF0000
26, 6,15, #FF0000
26, 6,16, #FF0000
26, 6,17, #FF0000
26, 6,18, #FF0000
25, 6,19, #FF0000
26, 6,19, #FF0000
27, 6,9, #FF0000
27, 6,10, #FF0000
27, 6,11, #FF0000
27, 6,12, #FF0000
27, 6,13, #FF0000
27, 6,14, #FF0000
27, 6,15, #FF0000
27, 6,16, #FF0000
27, 6,17, #FF0000
27, 6,18, #FF0000
27, 6,19, #FF0000
29, 6,11, #0000FF
29, 6,12, #0000FF
29, 6,13, #0000FF
30, 6,11, #0000FF
30, 6,12, #0000FF
30, 6,13, #0000FF
29, 6,14, #0000FF
30, 6,10, #0000FF
30, 6,14, #0000FF
30, 6,15, #0000FF
31, 6,11, #0000FF
31, 6,12, #0000FF
31, 6,13, #0000FF
31, 6,14, #0000FF
32, 6,12, #0000FF
32, 6,13, #0000FF
32, 6,14, #0000FF
2, 7,12, #0000FF
2, 7,13, #0000FF
3, 7,12, #0000FF
3, 7,13, #0000FF
4, 7,12, #0000FF
4, 7,13, #0000FF
3, 7,11, #0000FF
3, 7,14, #0000FF
4, 7,10, #0000FF
4, 7,11, #0000FF
4, 7,14, #0000FF
5, 7,11, #0000FF
5, 7,12, #0000FF
5, 7,13, #0000FF
5, 7,14, #0000FF
5, 7,15, #0000FF
6, 7,11, #0000FF
6, 7,12, #0000FF
6, 7,15, #0000FF
6, 7,16, #0000FF
7, 7,9, #FF0000
7, 7,10, #FF0000
7, 7,11, #FF0000
8, 7,9, #FF0000
8, 7,10, #FF0000
8, 7,11, #FF0000
7, 7,15, #FF0000
7, 7,16, #FF0000
7, 7,17, #FF0000
7, 7,18, #FF0000
8, 7,15, #FF0000
8, 7,16, #FF0000
8, 7,17, #FF0000
8, 7,18, #FF0000
7, 7,19, #FF0000
8, 7,12, #FF0000
8, 7,13, #FF0000
8, 7,14, #FF0000
9, 7,12, #FF0000
9, 7,13, #FF0000
9, 7,14, #FF0000
8, 7,19, #FF0000
9, 7,9, #FF0000
9, 7,10, #FF0000
9, 7,11, #FF0000
10, 7,9, #FF0000
10, 7,10, #FF0000
10, 7,11, #FF0000
9, 7,15, #FF0000
9, 7,16, #FF0000
9, 7,17, #FF0000
9, 7,18, #FF0000
10, 7,15, #FF0000
10, 7,16, #FF0000
10, 7,17, #FF0000
10, 7,18, #FF0000
9, 7,19, #FF0000
10, 7,12, #FF0000
10, 7,13, #FF0000
10, 7,14, #FF0000
11, 7,12, #FF0000
11, 7,13, #FF0000
11, 7,14, #FF0000
10, 7,19, #FF0000
11, 7,9, #FF0000
11, 7,10, #FF0000
11, 7,11, #FF0000
12, 7,9, #FF0000
12, 7,10, #FF0000
12, 7,11, #FF0000
11, 7,15, #FF0000
11, 7,16, #FF0000
11, 7,17, #FF0000
11, 7,18, #FF0000
12, 7,15, #FF0000
12, 7,16, #FF0000
12, 7,17, #FF0000
12, 7,18, #FF0000
11, 7,19, #FF0000
12, 7,12, #FF0000
12, 7,13, #FF0000
12, 7,14, #FF0000
13, 7,12, #FF0000
13, 7,13, #FF0000
13, 7,14, #FF0000
12, 7,19, #FF0000
13, 7,9, #FF0000
13, 7,10, #FF0000
13, 7,11, #FF0000
14, 7,9, #FF0000
14, 7,10, #FF0000
14, 7,11, #FF0000
13, 7,15, #FF0000
13, 7,16, #FF0000
13, 7,17, #FF0000
13, 7,18, #FF0000
14, 7,15, #FF0000
14, 7,16, #FF0000
14, 7,17, #FF0000
14, 7,18, #FF0000
13, 7,19, #FF0000
14, 7,12, #FF0000
14, 7,13, #FF0000
14, 7,14, #FF0000
15, 7,12, #FF0000
15, 7,13, #FF0000
15, 7,14, #FF0000
14, 7,19, #FF0000
15, 7,9, #FF0000
15, 7,10, #FF0000
15, 7,11, #FF0000
16, 7,9, #FF0000
16, 7,10, #FF0000
16, 7,11, #FF0000
15, 7,15, #FF0000
15, 7,16, #FF0000
15, 7,17, #FF0000
15, 7,18, #FF0000
16, 7,15, #FF0000
16, 7,16, #FF0000
16, 7,17, #FF0000
16, 7,18, #FF0000
15, 7,19, #FF0000
16, 7,12, #FF0000
16, 7,13, #FF0000
16, 7,14, #FF0000
17, 7,12, #FF0000
17, 7,13, #FF0000
17, 7,14, #FF0000
16, 7,19, #FF0000
17, 7,9, #FF0000
17, 7,10, #FF0000
17, 7,11, #FF0000
18, 7,9, #FF0000
18, 7,10, #FF0000
18, 7,11, #FF0000
17, 7,15, #FF0000
17, 7,16, #FF0000
17, 7,17, #FF0000
17, 7,18, #FF0000
18, 7,15, #FF0000
18, 7,16, #FF0000
18, 7,17, #FF0000
18, 7,18, #FF0000
17, 7,19, #FF0000
18, 7,12, #FF0000
18, 7,13, #FF0000
18, 7,14, #FF0000
19, 7,12, #FF0000
19, 7,13, #FF0000
19, 7,14, #FF0000
18, 7,19, #FF0000
19, 7,9, #FF0000
19, 7,10, #FF0000
19, 7,11, #FF0000
20, 7,9, #FF0000
20, 7,10, #FF0000
20, 7,11, #FF0000
19, 7,15, #FF0000
19, 7,16, #FF0000
19, 7,17, #FF0000
19, 7,18, #FF0000
20, 7,15, #FF0000
20, 7,16, #FF0000
20, 7,17, #FF0000
20, 7,18, #FF0000
19, 7,19, #FF0000
20, 7,12, #FF0000
20, 7,13, #FF0000
20, 7,14, #FF0000
21, 7,12, #FF0000
21, 7,13, #FF0000
21, 7,14, #FF0000
20, 7,19, #FF0000
21, 7,9, #FF0000
21, 7,10, #FF0000
21, 7,11, #FF0000
22, 7,9, #FF0000
22, 7,10, #FF0000
22, 7,11, #FF0000
21, 7,15, #FF0000
21, 7,16, #FF0000
21, 7,17, #FF0000
21, 7,18, #FF0000
22, 7,15, #FF0000
22, 7,16, #FF0000
22, 7,17, #FF0000
22, 7,18, #FF0000
21, 7,19, #FF0000
22, 7,12, #FF0000
22, 7,13, #FF0000
22, 7,14, #FF0000
23, 7,12, #FF0000
23, 7,13, #FF0000
23, 7,14, #FF0000
22, 7,19, #FF0000
23, 7,9, #FF0000
23, 7,10, #FF0000
23, 7,11, #FF0000
24, 7,9, #FF0000
24, 7,10, #FF0000
24, 7,11, #FF0000
23, 7,15, #FF0000
23, 7,16, #FF0000
24, 7,15, #FF0000
24, 7,16, #FF0000
25, 7,15, #FF0000
25, 7,16, #FF0000
26, 7,15, #FF0000
26, 7,16, #FF0000
23, 7,17, #FF0000
23, 7,18, #FF0000
23, 7,19, #FF0000
24, 7,17, #FF0000
24, 7,18, #FF0000
24, 7,19, #FF0000
24, 7,12, #FF0000
24, 7,13, #FF0000
24, 7,14, #FF0000
25, 7,12, #FF0000
25, 7,13, #FF0000
25, 7,14, #FF0000
25, 7,9, #FF0000
25, 7,10, #FF0000
25, 7,11, #FF0000
26, 7,9, #FF0000
26, 7,10, #FF0000
26, 7,11, #FF0000
25, 7,17, #FF0000
25, 7,18, #FF0000
25, 7,19, #FF0000
26, 7,17, #FF0000
26, 7,18, #FF0000
26, 7,19, #FF0000
26, 7,12, #FF0000
26, 7,13, #FF0000
26, 7,14, #FF0000
27, 7,12, #FF0000
27, 7,13, #FF0000
27, 7,14, #FF0000
27, 7,9, #FF0000
27, 7,10, #FF0000
27, 7,11, #FF0000
27, 7,15, #FF0000
27, 7,16, #FF0000
27, 7,17, #FF0000
27, 7,18, #FF0000
27, 7,19, #FF0000
28, 7,11, #FF0000
28, 7,12, #FF0000
28, 7,15, #FF0000
28, 7,16, #FF0000
29, 7,11, #0000FF
29, 7,15, #0000FF
30, 7,10, #0000FF
30, 7,11, #0000FF
30, 7,12, #0000FF
30, 7,13, #0000FF
30, 7,14, #0000FF
31, 7,14, #0000FF
31, 7,11, #0000FF
31, 7,12, #0000FF
31, 7,13, #0000FF
32, 7,12, #0000FF
32, 7,13, #0000FF
2, 8,13, #0000FF
3, 8,11, #0000FF
3, 8,12, #0000FF
3, 8,13, #0000FF
3, 8,14, #0000FF
4, 8,11, #0000FF
4, 8,12, #0000FF
4, 8,13, #0000FF
4, 8,14, #0000FF
4, 8,15, #0000FF
5, 8,11, #0000FF
5, 8,12, #0000FF
5, 8,13, #0000FF
5, 8,14, #0000FF
6, 8,11, #0000FF
6, 8,12, #0000FF
6, 8,13, #0000FF
6, 8,14, #0000FF
5, 8,15, #0000FF
6, 8,10, #0000FF
6, 8,15, #FF0000
6, 8,16, #0000FF
7, 8,9, #FF0000
7, 8,10, #FF0000
7, 8,11, #FF0000
7, 8,12, #FF0000
7, 8,13, #FF0000
7, 8,14, #FF0000
7, 8,15, #FF0000
7, 8,16, #FF0000
8, 8,9, #FF0000
8, 8,10, #FF0000
8, 8,11, #FF0000
8, 8,12, #FF0000
8, 8,13, #FF0000
8, 8,14, #FF0000
8, 8,15, #FF0000
8, 8,16, #FF0000
7, 8,17, #FF0000
7, 8,18, #FF0000
8, 8,17, #FF0000
8, 8,18, #FF0000
8, 8,19, #FF0000
9, 8,9, #FF0000
9, 8,10, #FF0000
10, 8,9, #FF0000
10, 8,10, #FF0000
11, 8,9, #FF0000
11, 8,10, #FF0000
9, 8,11, #FF0000
9, 8,12, #FF0000
9, 8,13, #FF0000
9, 8,14, #FF0000
9, 8,15, #FF0000
9, 8,16, #FF0000
9, 8,17, #FF0000
9, 8,18, #FF0000
9, 8,19, #FF0000
10, 8,11, #FF0000
10, 8,17, #FF0000
10, 8,18, #FF0000
12, 8,9, #FF0000
12, 8,10, #FF0000
13, 8,9, #FF0000
13, 8,10, #FF0000
12, 8,18, #FF0000
12, 8,19, #FF0000
13, 8,18, #FF0000
13, 8,19, #FF0000
14, 8,9, #FF0000
14, 8,10, #FF0000
15, 8,9, #FF0000
15, 8,10, #FF0000
14, 8,18, #FF0000
14, 8,19, #FF0000
15, 8,18, #FF0000
15, 8,19, #FF0000
16, 8,9, #FF0000
16, 8,10, #FF0000
17, 8,9, #FF0000
17, 8,10, #FF0000
16, 8,18, #FF0000
16, 8,19, #FF0000
17, 8,18, #FF0000
17, 8,19, #FF0000
18, 8,9, #FF0000
18, 8,10, #FF0000
19, 8,9, #FF0000
19, 8,10, #FF0000
18, 8,18, #FF0000
18, 8,19, #FF0000
19, 8,18, #FF0000
19, 8,19, #FF0000
20, 8,9, #FF0000
20, 8,10, #FF0000
21, 8,9, #FF0000
21, 8,10, #FF0000
20, 8,18, #FF0000
20, 8,19, #FF0000
21, 8,18, #FF0000
21, 8,19, #FF0000
22, 8,9, #FF0000
22, 8,10, #FF0000
23, 8,9, #FF0000
23, 8,10, #FF0000
22, 8,18, #FF0000
22, 8,19, #FF0000
23, 8,18, #FF0000
23, 8,19, #FF0000
24, 8,9, #FF0000
24, 8,10, #FF0000
25, 8,9, #FF0000
25, 8,10, #FF0000
24, 8,11, #FF0000
24, 8,17, #FF0000
24, 8,18, #FF0000
25, 8,11, #FF0000
25, 8,12, #FF0000
25, 8,13, #FF0000
25, 8,14, #FF0000
25, 8,15, #FF0000
25, 8,16, #FF0000
26, 8,11, #FF0000
26, 8,12, #FF0000
26, 8,13, #FF0000
26, 8,14, #FF0000
26, 8,15, #FF0000
26, 8,16, #FF0000
25, 8,17, #FF0000
26, 8,9, #FF0000
26, 8,10, #FF0000
27, 8,9, #FF0000
27, 8,10, #FF0000
26, 8,17, #FF0000
26, 8,18, #FF0000
26, 8,19, #FF0000
27, 8,17, #FF0000
27, 8,18, #FF0000
27, 8,19, #FF0000
27, 8,11, #FF0000
27, 8,12, #FF0000
27, 8,13, #FF0000
27, 8,14, #FF0000
28, 8,11, #FF0000
28, 8,12, #FF0000
28, 8,13, #FF0000
28, 8,14, #FF0000
27, 8,15, #FF0000
27, 8,16, #FF0000
28, 8,10, #FF0000
28, 8,16, #FF0000
29, 8,11, #0000FF
29, 8,12, #0000FF
29, 8,13, #0000FF
29, 8,14, #0000FF
30, 8,11, #0000FF
30, 8,12, #0000FF
30, 8,13, #0000FF
30, 8,14, #0000FF
30, 8,15, #0000FF
31, 8,11, #0000FF
31, 8,12, #0000FF
31, 8,13, #0000FF
31, 8,14, #0000FF
32, 8,13, #0000FF
3, 9,12, #0000FF
3, 9,13, #0000FF
3, 9,14, #0000FF
4, 9,12, #0000FF
4, 9,13, #0000FF
4, 9,14, #0000FF
4, 9,11, #0000FF
4, 9,15, #0000FF
5, 9,11, #0000FF
5, 9,12, #0000FF
5, 9,13, #0000FF
6, 9,11, #0000FF
6, 9,12, #0000FF
6, 9,13, #0000FF
5, 9,14, #0000FF
5, 9,15, #0000FF
6, 9,14, #0000FF
6, 9,15, #0000FF
6, 9,16, #FF0000
7, 9,15, #FF0000
7, 9,16, #FF0000
7, 9,17, #FF0000
8, 9,9, #FF0000
8, 9,10, #FF0000
8, 9,11, #FF0000
8, 9,12, #FF0000
8, 9,13, #FF0000
8, 9,14, #FF0000
8, 9,15, #FF0000
8, 9,16, #FF0000
9, 9,9, #FF0000
9, 9,10, #FF0000
9, 9,11, #FF0000
9, 9,12, #FF0000
9, 9,13, #FF0000
9, 9,14, #FF0000
9, 9,15, #FF0000
9, 9,16, #FF0000
8, 9,17, #FF0000
8, 9,18, #FF0000
8, 9,19, #FF0000
9, 9,17, #FF0000
9, 9,18, #FF0000
9, 9,19, #FF0000
10, 9,9, #FF0000
10, 9,10, #FF0000
11, 9,9, #FF0000
11, 9,10, #FF0000
10, 9,11, #FF0000
10, 9,17, #FF0000
10, 9,18, #FF0000
10, 9,19, #FF0000
11, 9,18, #FF0000
11, 9,19, #FF0000
12, 9,9, #FF0000
12, 9,10, #FF0000
13, 9,9, #FF0000
13, 9,10, #FF0000
12, 9,18, #FF0000
12, 9,19, #FF0000
13, 9,18, #FF0000
13, 9,19, #FF0000
14, 9,9, #FF0000
14, 9,10, #FF0000
15, 9,9, #FF0000
15, 9,10, #FF0000
14, 9,18, #FF0000
14, 9,19, #FF0000
15, 9,18, #FF0000
15, 9,19, #FF0000
16, 9,9, #FF0000
16, 9,10, #FF0000
17, 9,9, #FF0000
17, 9,10, #FF0000
16, 9,18, #FF0000
16, 9,19, #FF0000
17, 9,18, #FF0000
17, 9,19, #FF0000
18, 9,9, #FF0000
18, 9,10, #FF0000
19, 9,9, #FF0000
19, 9,10, #FF0000
18, 9,18, #FF0000
18, 9,19, #FF0000
19, 9,18, #FF0000
19, 9,19, #FF0000
20, 9,9, #FF0000
20, 9,10, #FF0000
21, 9,9, #FF0000
21, 9,10, #FF0000
20, 9,18, #FF0000
20, 9,19, #FF0000
21, 9,18, #FF0000
21, 9,19, #FF0000
22, 9,9, #FF0000
22, 9,10, #FF0000
23, 9,9, #FF0000
23, 9,10, #FF0000
22, 9,18, #FF0000
22, 9,19, #FF0000
23, 9,18, #FF0000
23, 9,19, #FF0000
24, 9,9, #FF0000
24, 9,10, #FF0000
25, 9,9, #FF0000
25, 9,10, #FF0000
24, 9,11, #FF0000
24, 9,17, #FF0000
24, 9,18, #FF0000
24, 9,19, #FF0000
25, 9,18, #FF0000
25, 9,19, #FF0000
25, 9,11, #FF0000
25, 9,12, #FF0000
25, 9,13, #FF0000
25, 9,14, #FF0000
26, 9,11, #FF0000
26, 9,12, #FF0000
26, 9,13, #FF0000
26, 9,14, #FF0000
25, 9,15, #FF0000
25, 9,16, #FF0000
25, 9,17, #FF0000
26, 9,15, #FF0000
26, 9,16, #FF0000
26, 9,17, #FF0000
26, 9,9, #FF0000
26, 9,10, #FF0000
26, 9,18, #FF0000
26, 9,19, #FF0000
28, 9,11, #FF0000
28, 9,12, #FF0000
28, 9,13, #FF0000
28, 9,14, #FF0000
29, 9,11, #FF0000
29, 9,12, #FF0000
29, 9,13, #FF0000
29, 9,14, #FF0000
28, 9,15, #FF0000
28, 9,16, #FF0000
29, 9,15, #0000FF
30, 9,11, #0000FF
30, 9,12, #0000FF
30, 9,13, #0000FF
30, 9,14, #0000FF
30, 9,15, #0000FF
31, 9,12, #0000FF
31, 9,13, #0000FF
31, 9,14, #0000FF
3, 10,13, #0000FF
3, 10,14, #0000FF
4, 10,13, #0000FF
4, 10,14, #0000FF
4, 10,11, #0000FF
4, 10,12, #0000FF
5, 10,11, #0000FF
5, 10,12, #0000FF
4, 10,15, #0000FF
5, 10,13, #0000FF
5, 10,14, #0000FF
5, 10,15, #0000FF
5, 10,16, #0000FF
6, 10,13, #0000FF
6, 10,14, #0000FF
6, 10,15, #0000FF
6, 10,16, #0000FF
6, 10,10, #FF0000
6, 10,11, #FF0000
6, 10,12, #FF0000
7, 10,10, #FF0000
7, 10,11, #FF0000
7, 10,12, #FF0000
7, 10,13, #FF0000
7, 10,14, #FF0000
7, 10,15, #FF0000
7, 10,16, #FF0000
8, 10,13, #FF0000
8, 10,14, #FF0000
8, 10,15, #FF0000
8, 10,16, #FF0000
7, 10,17, #FF0000
8, 10,9, #FF0000
8, 10,10, #FF0000
9, 10,9, #FF0000
9, 10,10, #FF0000
10, 10,9, #FF0000
10, 10,10, #FF0000
11, 10,9, #FF0000
11, 10,10, #FF0000
12, 10,9, #FF0000
12, 10,10, #FF0000
13, 10,9, #FF0000
13, 10,10, #FF0000
14, 10,9, #FF0000
14, 10,10, #FF0000
15, 10,9, #FF0000
15, 10,10, #FF0000
8, 10,11, #FF0000
8, 10,12, #FF0000
9, 10,11, #FF0000
9, 10,12, #FF0000
8, 10,17, #FF0000
8, 10,18, #FF0000
9, 10,17, #FF0000
9, 10,18, #FF0000
8, 10,19, #FF0000
9, 10,13, #FF0000
9, 10,14, #FF0000
9, 10,15, #FF0000
9, 10,16, #FF0000
9, 10,19, #FF0000
10, 10,11, #FF0000
10, 10,17, #FF0000
10, 10,18, #FF0000
12, 10,18, #FF0000
12, 10,19, #FF0000
13, 10,18, #FF0000
13, 10,19, #FF0000
14, 10,18, #FF0000
14, 10,19, #FF0000
15, 10,18, #FF0000
15, 10,19, #FF0000
16, 10,9, #FF0000
16, 10,10, #FF0000
17, 10,9, #FF0000
17, 10,10, #FF0000
16, 10,18, #FF0000
16, 10,19, #FF0000
17, 10,18, #FF0000
17, 10,19, #FF0000
18, 10,9, #FF0000
18, 10,10, #FF0000
19, 10,9, #FF0000
19, 10,10, #FF0000
18, 10,18, #FF0000
18, 10,19, #FF0000
19, 10,18, #FF0000
19, 10,19, #FF0000
20, 10,9, #FF0000
20, 10,10, #FF0000
21, 10,9, #FF0000
21, 10,10, #FF0000
20, 10,18, #FF0000
20, 10,19, #FF0000
21, 10,18, #FF0000
21, 10,19, #FF0000
22, 10,9, #FF0000
22, 10,10, #FF0000
23, 10,9, #FF0000
23, 10,10, #FF0000
22, 10,18, #FF0000
22, 10,19, #FF0000
23, 10,18, #FF0000
23, 10,19, #FF0000
24, 10,9, #FF0000
24, 10,10, #FF0000
25, 10,9, #FF0000
25, 10,10, #FF0000
24, 10,11, #FF0000
24, 10,17, #FF0000
24, 10,18, #FF0000
25, 10,11, #FF0000
25, 10,12, #FF0000
25, 10,13, #FF0000
25, 10,14, #FF0000
25, 10,15, #FF0000
25, 10,16, #FF0000
26, 10,11, #FF0000
26, 10,12, #FF0000
26, 10,13, #FF0000
26, 10,14, #FF0000
26, 10,15, #FF0000
26, 10,16, #FF0000
25, 10,17, #FF0000
26, 10,9, #FF0000
26, 10,10, #FF0000
26, 10,17, #FF0000
26, 10,18, #FF0000
26, 10,19, #FF0000
27, 10,10, #FF0000
27, 10,11, #FF0000
27, 10,12, #FF0000
27, 10,13, #FF0000
27, 10,14, #FF0000
27, 10,15, #FF0000
28, 10,10, #FF0000
28, 10,11, #FF0000
28, 10,12, #FF0000
28, 10,13, #FF0000
28, 10,14, #FF0000
28, 10,15, #FF0000
27, 10,16, #FF0000
27, 10,17, #FF0000
28, 10,16, #FF0000
29, 10,11, #0000FF
29, 10,12, #0000FF
29, 10,13, #0000FF
29, 10,14, #0000FF
30, 10,11, #0000FF
30, 10,12, #0000FF
30, 10,13, #0000FF
30, 10,14, #0000FF
29, 10,15, #0000FF
29, 10,16, #0000FF
30, 10,15, #0000FF
31, 10,13, #0000FF
31, 10,14, #0000FF
4, 11,12, #0000FF
4, 11,13, #0000FF
4, 11,14, #0000FF
4, 11,15, #0000FF
5, 11,12, #0000FF
5, 11,13, #0000FF
5, 11,14, #0000FF
5, 11,15, #0000FF
5, 11,11, #0000FF
5, 11,16, #0000FF
6, 11,10, #FF0000
6, 11,11, #FF0000
6, 11,12, #FF0000
6, 11,13, #FF0000
6, 11,14, #FF0000
6, 11,15, #FF0000
7, 11,10, #FF0000
7, 11,11, #FF0000
7, 11,12, #FF0000
7, 11,13, #FF0000
7, 11,14, #FF0000
7, 11,15, #FF0000
6, 11,16, #FF0000
7, 11,16, #FF0000
7, 11,17, #FF0000
8, 11,9, #FF0000
8, 11,10, #FF0000
8, 11,11, #FF0000
8, 11,12, #FF0000
8, 11,13, #FF0000
8, 11,14, #FF0000
8, 11,15, #FF0000
8, 11,16, #FF0000
9, 11,9, #FF0000
9, 11,10, #FF0000
9, 11,11, #FF0000
9, 11,12, #FF0000
9, 11,13, #FF0000
9, 11,14, #FF0000
9, 11,15, #FF0000
9, 11,16, #FF0000
8, 11,17, #FF0000
8, 11,18, #FF0000
8, 11,19, #FF0000
9, 11,17, #FF0000
9, 11,18, #FF0000
9, 11,19, #FF0000
10, 11,9, #FF0000
10, 11,10, #FF0000
11, 11,9, #FF0000
11, 11,10, #FF0000
10, 11,11, #FF0000
10, 11,17, #FF0000
10, 11,18, #FF0000
10, 11,19, #FF0000
11, 11,18, #FF0000
11, 11,19, #FF0000
12, 11,9, #FF0000
12, 11,10, #FF0000
13, 11,9, #FF0000
13, 11,10, #FF0000
12, 11,18, #FF0000
12, 11,19, #FF0000
13, 11,18, #FF0000
13, 11,19, #FF0000
14, 11,9, #FF0000
14, 11,10, #FF0000
15, 11,9, #FF0000
15, 11,10, #FF0000
14, 11,18, #FF0000
14, 11,19, #FF0000
15, 11,18, #FF0000
15, 11,19, #FF0000
16, 11,9, #FF0000
16, 11,10, #FF0000
17, 11,9, #FF0000
17, 11,10, #FF0000
16, 11,18, #FF0000
16, 11,19, #FF0000
17, 11,18, #FF0000
17, 11,19, #FF0000
18, 11,9, #FF0000
18, 11,10, #FF0000
19, 11,9, #FF0000
19, 11,10, #FF0000
18, 11,18, #FF0000
18, 11,19, #FF0000
19, 11,18, #FF0000
19, 11,19, #FF0000
20, 11,9, #FF0000
20, 11,10, #FF0000
21, 11,9, #FF0000
21, 11,10, #FF0000
20, 11,18, #FF0000
20, 11,19, #FF0000
21, 11,18, #FF0000
21, 11,19, #FF0000
22, 11,9, #FF0000
22, 11,10, #FF0000
23, 11,9, #FF0000
23, 11,10, #FF0000
22, 11,18, #FF0000
22, 11,19, #FF0000
23, 11,18, #FF0000
23, 11,19, #FF0000
24, 11,9, #FF0000
24, 11,10, #FF0000
25, 11,9, #FF0000
25, 11,10, #FF0000
24, 11,11, #FF0000
24, 11,17, #FF0000
24, 11,18, #FF0000
24, 11,19, #FF0000
25, 11,18, #FF0000
25, 11,19, #FF0000
25, 11,11, #FF0000
25, 11,12, #FF0000
25, 11,13, #FF0000
25, 11,14, #FF0000
26, 11,11, #FF0000
26, 11,12, #FF0000
26, 11,13, #FF0000
26, 11,14, #FF0000
25, 11,15, #FF0000
25, 11,16, #FF0000
25, 11,17, #FF0000
26, 11,15, #FF0000
26, 11,16, #FF0000
26, 11,17, #FF0000
26, 11,9, #FF0000
26, 11,10, #FF0000
26, 11,18, #FF0000
26, 11,19, #FF0000
27, 11,10, #FF0000
27, 11,11, #FF0000
27, 11,12, #FF0000
27, 11,13, #FF0000
28, 11,10, #FF0000
28, 11,11, #FF0000
28, 11,12, #FF0000
28, 11,13, #FF0000
27, 11,14, #FF0000
27, 11,15, #FF0000
27, 11,16, #FF0000
28, 11,14, #FF0000
28, 11,15, #FF0000
28, 11,16, #FF0000
27, 11,17, #FF0000
29, 11,11, #0000FF
29, 11,12, #0000FF
29, 11,13, #0000FF
29, 11,14, #0000FF
29, 11,15, #0000FF
29, 11,16, #0000FF
30, 11,12, #0000FF
30, 11,13, #0000FF
30, 11,14, #0000FF
30, 11,15, #0000FF
5, 12,12, #0000FF
5, 12,13, #0000FF
5, 12,14, #0000FF
5, 12,15, #0000FF
6, 12,12, #0000FF
6, 12,13, #0000FF
6, 12,14, #0000FF
6, 12,15, #0000FF
7, 12,11, #FF0000
7, 12,12, #FF0000
7, 12,16, #FF0000
8, 12,16, #FF0000
8, 12,9, #FF0000
8, 12,10, #FF0000
9, 12,9, #FF0000
9, 12,10, #FF0000
10, 12,9, #FF0000
10, 12,10, #FF0000
11, 12,9, #FF0000
11, 12,10, #FF0000
12, 12,9, #FF0000
12, 12,10, #FF0000
13, 12,9, #FF0000
13, 12,10, #FF0000
14, 12,9, #FF0000
14, 12,10, #FF0000
15, 12,9, #FF0000
15, 12,10, #FF0000
8, 12,11, #FF0000
9, 12,11, #FF0000
9, 12,12, #FF0000
9, 12,13, #FF0000
9, 12,14, #FF0000
9, 12,15, #FF0000
10, 12,11, #FF0000
10, 12,17, #FF0000
10, 12,18, #FF0000
10, 12,19, #FF0000
11, 12,18, #FF0000
11, 12,19, #FF0000
12, 12,18, #FF0000
12, 12,19, #FF0000
13, 12,18, #FF0000
13, 12,19, #FF0000
14, 12,18, #FF0000
14, 12,19, #FF0000
15, 12,18, #FF0000
15, 12,19, #FF0000
16, 12,18, #FF0000
16, 12,19, #FF0000
16, 12,9, #FF0000
16, 12,10, #FF0000
17, 12,9, #FF0000
17, 12,10, #FF0000
17, 12,18, #FF0000
17, 12,19, #FF0000
18, 12,18, #FF0000
18, 12,19, #FF0000
18, 12,9, #FF0000
18, 12,10, #FF0000
19, 12,9, #FF0000
19, 12,10, #FF0000
19, 12,18, #FF0000
19, 12,19, #FF0000
20, 12,18, #FF0000
20, 12,19, #FF0000
20, 12,9, #FF0000
20, 12,10, #FF0000
21, 12,9, #FF0000
21, 12,10, #FF0000
21, 12,18, #FF0000
21, 12,19, #FF0000
22, 12,18, #FF0000
22, 12,19, #FF0000
22, 12,9, #FF0000
22, 12,10, #FF0000
23, 12,9, #FF0000
23, 12,10, #FF0000
23, 12,18, #FF0000
23, 12,19, #FF0000
24, 12,18, #FF0000
24, 12,19, #FF0000
24, 12,9, #FF0000
24, 12,10, #FF0000
25, 12,9, #FF0000
25, 12,10, #FF0000
24, 12,11, #FF0000
24, 12,17, #FF0000
25, 12,11, #FF0000
25, 12,12, #FF0000
25, 12,13, #FF0000
25, 12,14, #FF0000
25, 12,15, #FF0000
25, 12,16, #FF0000
25, 12,17, #FF0000
25, 12,18, #FF0000
26, 12,11, #FF0000
26, 12,12, #FF0000
26, 12,13, #FF0000
26, 12,14, #FF0000
26, 12,15, #FF0000
26, 12,16, #FF0000
26, 12,17, #FF0000
26, 12,18, #FF0000
25, 12,19, #FF0000
26, 12,9, #FF0000
26, 12,10, #FF0000
26, 12,19, #FF0000
27, 12,11, #FF0000
27, 12,12, #FF0000
27, 12,16, #FF0000
29, 12,12, #0000FF
29, 12,13, #0000FF
29, 12,14, #0000FF
29, 12,15, #0000FF
8, 13,9, #FF0000
8, 13,10, #FF0000
8, 13,11, #FF0000
8, 13,12, #FF0000
8, 13,13, #FF0000
8, 13,14, #FF0000
8, 13,15, #FF0000
8, 13,16, #FF0000
9, 13,9, #FF0000
9, 13,10, #FF0000
9, 13,11, #FF0000
9, 13,12, #FF0000
9, 13,13, #FF0000
9, 13,14, #FF0000
9, 13,15, #FF0000
9, 13,16, #FF0000
8, 13,17, #FF0000
8, 13,18, #FF0000
8, 13,19, #FF0000
9, 13,17, #FF0000
9, 13,18, #FF0000
9, 13,19, #FF0000
10, 13,9, #FF0000
10, 13,10, #FF0000
10, 13,11, #FF0000
10, 13,12, #FF0000
10, 13,13, #FF0000
10, 13,14, #FF0000
10, 13,15, #FF0000
10, 13,16, #FF0000
11, 13,9, #FF0000
11, 13,10, #FF0000
11, 13,11, #FF0000
11, 13,12, #FF0000
11, 13,13, #FF0000
11, 13,14, #FF0000
11, 13,15, #FF0000
11, 13,16, #FF0000
10, 13,17, #FF0000
10, 13,18, #FF0000
10, 13,19, #FF0000
11, 13,17, #FF0000
11, 13,18, #FF0000
11, 13,19, #FF0000
12, 13,9, #FF0000
12, 13,10, #FF0000
12, 13,11, #FF0000
12, 13,12, #FF0000
12, 13,13, #FF0000
12, 13,14, #FF0000
12, 13,15, #FF0000
12, 13,16, #FF0000
13, 13,9, #FF0000
13, 13,10, #FF0000
13, 13,11, #FF0000
13, 13,12, #FF0000
13, 13,13, #FF0000
13, 13,14, #FF0000
13, 13,15, #FF0000
13, 13,16, #FF0000
12, 13,17, #FF0000
12, 13,18, #FF0000
12, 13,19, #FF0000
13, 13,17, #FF0000
13, 13,18, #FF0000
13, 13,19, #FF0000
14, 13,9, #FF0000
14, 13,10, #FF0000
14, 13,11, #FF0000
14, 13,12, #FF0000
14, 13,13, #FF0000
14, 13,14, #FF0000
14, 13,15, #FF0000
14, 13,16, #FF0000
15, 13,9, #FF0000
15, 13,10, #FF0000
15, 13,11, #FF0000
15, 13,12, #FF0000
15, 13,13, #FF0000
15, 13,14, #FF0000
15, 13,15, #FF0000
15, 13,16, #FF0000
14, 13,17, #FF0000
14, 13,18, #FF0000
14, 13,19, #FF0000
15, 13,17, #FF0000
15, 13,18, #FF0000
15, 13,19, #FF0000
16, 13,9, #FF0000
16, 13,10, #FF0000
16, 13,11, #FF0000
16, 13,12, #FF0000
17, 13,9, #FF0000
17, 13,10, #FF0000
17, 13,11, #FF0000
17, 13,12, #FF0000
16, 13,13, #FF0000
16, 13,14, #FF0000
16, 13,15, #FF0000
16, 13,16, #FF0000
16, 13,17, #FF0000
16, 13,18, #FF0000
16, 13,19, #FF0000
17, 13,13, #FF0000
17, 13,14, #FF0000
17, 13,15, #FF0000
17, 13,19, #FF0000
18, 13,9, #FF0000
18, 13,10, #FF0000
18, 13,11, #FF0000
18, 13,12, #FF0000
18, 13,13, #FF0000
18, 13,14, #FF0000
19, 13,9, #FF0000
19, 13,10, #FF0000
19, 13,11, #FF0000
19, 13,12, #FF0000
19, 13,13, #FF0000
19, 13,14, #FF0000
18, 13,19, #FF0000
19, 13,15, #FF0000
19, 13,16, #FF0000
19, 13,17, #FF0000
19, 13,18, #FF0000
20, 13,15, #FF0000
20, 13,16, #FF0000
20, 13,17, #FF0000
20, 13,18, #FF0000
19, 13,19, #FF0000
20, 13,9, #FF0000
20, 13,10, #FF0000
20, 13,11, #FF0000
20, 13,12, #FF0000
20, 13,13, #FF0000
20, 13,14, #FF0000
21, 13,9, #FF0000
21, 13,10, #FF0000
21, 13,11, #FF0000
21, 13,12, #FF0000
21, 13,13, #FF0000
21, 13,14, #FF0000
20, 13,19, #FF0000
21, 13,15, #FF0000
21, 13,16, #FF0000
21, 13,17, #FF0000
21, 13,18, #FF0000
22, 13,15, #FF0000
22, 13,16, #FF0000
22, 13,17, #FF0000
22, 13,18, #FF0000
21, 13,19, #FF0000
22, 13,9, #FF0000
22, 13,10, #FF0000
22, 13,11, #FF0000
22, 13,12, #FF0000
22, 13,13, #FF0000
22, 13,14, #FF0000
23, 13,9, #FF0000
23, 13,10, #FF0000
23, 13,11, #FF0000
23, 13,12, #FF0000
23, 13,13, #FF0000
23, 13,14, #FF0000
22, 13,19, #FF0000
23, 13,15, #FF0000
23, 13,16, #FF0000
23, 13,17, #FF0000
23, 13,18, #FF0000
24, 13,15, #FF0000
24, 13,16, #FF0000
24, 13,17, #FF0000
24, 13,18, #FF0000
23, 13,19, #FF0000
24, 13,9, #FF0000
24, 13,10, #FF0000
24, 13,11, #FF0000
24, 13,12, #FF0000
24, 13,13, #FF0000
24, 13,14, #FF0000
25, 13,9, #FF0000
25, 13,10, #FF0000
25, 13,11, #FF0000
25, 13,12, #FF0000
25, 13,13, #FF0000
25, 13,14, #FF0000
24, 13,19, #FF0000
25, 13,15, #FF0000
25, 13,16, #FF0000
25, 13,17, #FF0000
25, 13,18, #FF0000
26, 13,15, #FF0000
26, 13,16, #FF0000
26, 13,17, #FF0000
26, 13,18, #FF0000
25, 13,19, #FF0000
26, 13,9, #FF0000
26, 13,10, #FF0000
26, 13,11, #FF0000
26, 13,12, #FF0000
26, 13,13, #FF0000
26, 13,14, #FF0000
26, 13,19, #FF0000
8, 14,9, #FF0000
8, 14,10, #FF0000
9, 14,9, #FF0000
9, 14,10, #FF0000
10, 14,9, #FF0000
10, 14,10, #FF0000
11, 14,9, #FF0000
11, 14,10, #FF0000
12, 14,9, #FF0000
12, 14,10, #FF0000
13, 14,9, #FF0000
13, 14,10, #FF0000
14, 14,9, #FF0000
14, 14,10, #FF0000
15, 14,9, #FF0000
15, 14,10, #FF0000
8, 14,11, #FF0000
8, 14,12, #FF0000
8, 14,13, #FF0000
8, 14,14, #FF0000
8, 14,15, #FF0000
8, 14,16, #FF0000
8, 14,17, #FF0000
8, 14,18, #FF0000
9, 14,11, #FF0000
9, 14,12, #FF0000
9, 14,13, #FF0000
9, 14,14, #FF0000
9, 14,15, #FF0000
9, 14,16, #FF0000
9, 14,17, #FF0000
9, 14,18, #FF0000
9, 14,19, #FF0000
10, 14,11, #FF0000
10, 14,12, #FF0000
10, 14,13, #FF0000
10, 14,14, #FF0000
10, 14,15, #FF0000
10, 14,16, #FF0000
10, 14,17, #FF0000
10, 14,18, #FF0000
11, 14,11, #FF0000
11, 14,12, #FF0000
11, 14,13, #FF0000
11, 14,14, #FF0000
11, 14,15, #FF0000
11, 14,16, #FF0000
11, 14,17, #FF0000
11, 14,18, #FF0000
10, 14,19, #FF0000
11, 14,19, #FF0000
12, 14,11, #FF0000
12, 14,12, #FF0000
12, 14,13, #FF0000
12, 14,14, #FF0000
12, 14,15, #FF0000
12, 14,16, #FF0000
12, 14,17, #FF0000
12, 14,18, #FF0000
13, 14,11, #FF0000
13, 14,12, #FF0000
13, 14,13, #FF0000
13, 14,14, #FF0000
13, 14,15, #FF0000
13, 14,16, #FF0000
13, 14,17, #FF0000
13, 14,18, #FF0000
12, 14,19, #FF0000
13, 14,19, #FF0000
14, 14,11, #FF0000
14, 14,12, #FF0000
14, 14,13, #FF0000
14, 14,14, #FF0000
14, 14,15, #FF0000
14, 14,16, #FF0000
14, 14,17, #FF0000
14, 14,18, #FF0000
15, 14,11, #FF0000
15, 14,12, #FF0000
15, 14,13, #FF0000
15, 14,14, #FF0000
15, 14,15, #FF0000
15, 14,16, #FF0000
15, 14,17, #FF0000
15, 14,18, #FF0000
14, 14,19, #FF0000
15, 14,19, #FF0000
16, 14,9, #FF0000
16, 14,10, #FF0000
17, 14,9, #FF0000
17, 14,10, #FF0000
18, 14,9, #FF0000
18, 14,10, #FF0000
19, 14,9, #FF0000
19, 14,10, #FF0000
16, 14,11, #FF0000
16, 14,12, #FF0000
17, 14,11, #FF0000
17, 14,12, #FF0000
16, 14,13, #FF0000
16, 14,14, #FF0000
16, 14,15, #FF0000
16, 14,16, #FF0000
16, 14,17, #FF0000
16, 14,18, #FF0000
16, 14,19, #FF0000
17, 14,17, #FF0000
17, 14,18, #FF0000
17, 14,19, #FF0000
17, 14,13, #FF0000
17, 14,14, #FF0000
17, 14,15, #FF0000
17, 14,16, #FF0000
18, 14,15, #FF0000
18, 14,16, #FF0000
19, 14,15, #FF0000
19, 14,16, #FF0000
20, 14,15, #FF0000
20, 14,16, #FF0000
18, 14,11, #FF0000
18, 14,12, #FF0000
18, 14,13, #FF0000
18, 14,14, #FF0000
19, 14,11, #FF0000
19, 14,12, #FF0000
19, 14,13, #FF0000
19, 14,14, #FF0000
18, 14,17, #FF0000
18, 14,18, #FF0000
18, 14,19, #FF0000
19, 14,17, #FF0000
19, 14,18, #FF0000
19, 14,19, #FF0000
20, 14,9, #FF0000
20, 14,10, #FF0000
21, 14,9, #FF0000
21, 14,10, #FF0000
22, 14,9, #FF0000
22, 14,10, #FF0000
23, 14,9, #FF0000
23, 14,10, #FF0000
24, 14,9, #FF0000
24, 14,10, #FF0000
25, 14,9, #FF0000
25, 14,10, #FF0000
20, 14,11, #FF0000
20, 14,12, #FF0000
20, 14,13, #FF0000
20, 14,14, #FF0000
21, 14,11, #FF0000
21, 14,12, #FF0000
21, 14,13, #FF0000
21, 14,14, #FF0000
20, 14,17, #FF0000
20, 14,18, #FF0000
20, 14,19, #FF0000
21, 14,17, #FF0000
21, 14,18, #FF0000
21, 14,19, #FF0000
21, 14,15, #FF0000
21, 14,16, #FF0000
22, 14,15, #FF0000
22, 14,16, #FF0000
23, 14,15, #FF0000
23, 14,16, #FF0000
24, 14,15, #FF0000
24, 14,16, #FF0000
22, 14,11, #FF0000
22, 14,12, #FF0000
22, 14,13, #FF0000
22, 14,14, #FF0000
23, 14,11, #FF0000
23, 14,12, #FF0000
23, 14,13, #FF0000
23, 14,14, #FF0000
22, 14,17, #FF0000
22, 14,18, #FF0000
22, 14,19, #FF0000
23, 14,17, #FF0000
23, 14,18, #FF0000
23, 14,19, #FF0000
24, 14,11, #FF0000
24, 14,12, #FF0000
24, 14,13, #FF0000
24, 14,14, #FF0000
25, 14,11, #FF0000
25, 14,12, #FF0000
25, 14,13, #FF0000
25, 14,14, #FF0000
24, 14,17, #FF0000
24, 14,18, #FF0000
24, 14,19, #FF0000
25, 14,17, #FF0000
25, 14,18, #FF0000
25, 14,19, #FF0000
25, 14,15, #FF0000
25, 14,16, #FF0000
26, 14,15, #FF0000
26, 14,16, #FF0000
26, 14,9, #FF0000
26, 14,10, #FF0000
26, 14,11, #FF0000
26, 14,12, #FF0000
26, 14,13, #FF0000
26, 14,14, #FF0000
26, 14,17, #FF0000
26, 14,18, #FF0000
26, 14,19, #FF0000
14, 15,12, #FFFF00
14, 15,13, #FFFF00
14, 15,14, #FFFF00
14, 15,15, #FFFF00
15, 15,12, #FFFF00
15, 15,13, #FFFF00
15, 15,14, #FFFF00
15, 15,15, #FFFF00
15, 15,11, #FFFF00
15, 15,16, #FFFF00
16, 15,11, #FFFF00
16, 15,12, #FFFF00
17, 15,11, #FFFF00
17, 15,12, #FFFF00
16, 15,13, #FFFF00
16, 15,14, #FFFF00
16, 15,15, #FFFF00
16, 15,16, #FFFF00
16, 15,17, #FFFF00
17, 15,16, #FFFF00
17, 15,17, #FFFF00
17, 15,13, #FFFF00
17, 15,14, #FFFF00
17, 15,15, #FFFF00
18, 15,11, #FFFF00
18, 15,12, #FFFF00
18, 15,13, #FFFF00
18, 15,14, #FFFF00
18, 15,15, #FFFF00
18, 15,16, #FFFF00
19, 15,11, #FFFF00
19, 15,12, #FFFF00
19, 15,13, #FFFF00
19, 15,14, #FFFF00
19, 15,15, #FFFF00
19, 15,16, #FFFF00
18, 15,17, #FFFF00
20, 15,12, #FFFF00
20, 15,13, #FFFF00
20, 15,14, #FFFF00
20, 15,15, #FFFF00
11, 16,14, #FFFF00
12, 16,11, #FFFF00
12, 16,12, #FFFF00
12, 16,13, #FFFF00
12, 16,14, #FFFF00
12, 16,15, #FFFF00
12, 16,16, #FFFF00
13, 16,11, #FFFF00
13, 16,12, #FFFF00
13, 16,13, #FFFF00
13, 16,14, #FFFF00
13, 16,15, #FFFF00
13, 16,16, #FFFF00
12, 16,17, #FFFF00
13, 16,10, #FFFF00
13, 16,17, #FFFF00
13, 16,18, #FFFF00
14, 16,17, #FFFF00
14, 16,18, #FFFF00
14, 16,9, #FFFF00
14, 16,10, #FFFF00
14, 16,11, #FFFF00
14, 16,12, #FFFF00
14, 16,13, #FFFF00
14, 16,14, #FFFF00
14, 16,15, #FFFF00
14, 16,16, #FFFF00
15, 16,9, #FFFF00
15, 16,10, #FFFF00
15, 16,11, #FFFF00
15, 16,12, #FFFF00
15, 16,13, #FFFF00
15, 16,14, #FFFF00
15, 16,15, #FFFF00
15, 16,16, #FFFF00
15, 16,17, #FFFF00
15, 16,18, #FFFF00
15, 16,19, #FFFF00
16, 16,17, #FFFF00
16, 16,18, #FFFF00
16, 16,19, #FFFF00
16, 16,8, #FFFF00
16, 16,9, #FFFF00
16, 16,10, #FFFF00
16, 16,11, #FFFF00
17, 16,8, #FFFF00
17, 16,9, #FFFF00
17, 16,10, #FFFF00
17, 16,11, #FFFF00
16, 16,12, #FFFF00
16, 16,13, #FFFF00
16, 16,14, #FFFF00
16, 16,15, #FFFF00
16, 16,16, #FFFF00
17, 16,12, #FFFF00
17, 16,13, #FFFF00
17, 16,14, #FFFF00
17, 16,15, #FFFF00
17, 16,19, #FFFF00
18, 16,8, #FFFF00
18, 16,9, #FFFF00
18, 16,10, #FFFF00
18, 16,11, #FFFF00
18, 16,12, #FFFF00
18, 16,13, #FFFF00
19, 16,8, #FFFF00
19, 16,9, #FFFF00
19, 16,10, #FFFF00
19, 16,11, #FFFF00
19, 16,12, #FFFF00
19, 16,13, #FFFF00
18, 16,14, #FFFF00
18, 16,19, #FFFF00
19, 16,14, #FFFF00
19, 16,15, #FFFF00
19, 16,16, #FFFF00
19, 16,17, #FFFF00
19, 16,18, #FFFF00
19, 16,19, #FFFF00
20, 16,14, #FFFF00
20, 16,15, #FFFF00
20, 16,16, #FFFF00
20, 16,17, #FFFF00
20, 16,18, #FFFF00
20, 16,19, #FFFF00
20, 16,9, #FFFF00
20, 16,10, #FFFF00
20, 16,11, #FFFF00
20, 16,12, #FFFF00
21, 16,9, #FFFF00
21, 16,10, #FFFF00
21, 16,11, #FFFF00
21, 16,12, #FFFF00
20, 16,13, #FFFF00
21, 16,13, #FFFF00
21, 16,14, #FFFF00
21, 16,15, #FFFF00
21, 16,16, #FFFF00
22, 16,13, #FFFF00
22, 16,14, #FFFF00
22, 16,15, #FFFF00
22, 16,16, #FFFF00
21, 16,17, #FFFF00
21, 16,18, #FFFF00
22, 16,11, #FFFF00
22, 16,12, #FFFF00
22, 16,17, #FFFF00
23, 16,13, #FFFF00
23, 16,14, #FFFF00
10, 17,13, #FFFF00
10, 17,14, #FFFF00
11, 17,13, #FFFF00
11, 17,14, #FFFF00
11, 17,10, #FFFF00
11, 17,11, #FFFF00
11, 17,12, #FFFF00
12, 17,10, #FFFF00
12, 17,11, #FFFF00
12, 17,12, #FFFF00
11, 17,15, #FFFF00
11, 17,16, #FFFF00
11, 17,17, #FFFF00
12, 17,15, #FFFF00
12, 17,16, #FFFF00
12, 17,17, #FFFF00
12, 17,9, #FFFF00
12, 17,13, #FFFF00
12, 17,14, #FFFF00
13, 17,13, #FFFF00
13, 17,14, #FFFF00
12, 17,18, #FFFF00
13, 17,8, #FFFF00
13, 17,9, #FFFF00
13, 17,10, #FFFF00
13, 17,11, #FFFF00
14, 17,8, #FFFF00
14, 17,9, #FFFF00
14, 17,10, #FFFF00
14, 17,11, #FFFF00
13, 17,12, #FFFF00
13, 17,15, #FFFF00
13, 17,16, #FFFF00
13, 17,17, #FFFF00
13, 17,18, #FFFF00
14, 17,15, #FFFF00
14, 17,16, #FFFF00
14, 17,17, #FFFF00
14, 17,18, #FFFF00
13, 17,19, #FFFF00
14, 17,7, #FFFF00
14, 17,12, #FFFF00
14, 17,13, #FFFF00
14, 17,14, #FFFF00
15, 17,12, #FFFF00
15, 17,13, #FFFF00
15, 17,14, #FFFF00
14, 17,19, #FFFF00
14, 17,20, #FFFF00
15, 17,19, #FFFF00
15, 17,20, #FFFF00
15, 17,7, #FFFF00
15, 17,8, #FFFF00
15, 17,9, #FFFF00
15, 17,10, #FFFF00
16, 17,7, #FFFF00
16, 17,8, #FFFF00
16, 17,9, #FFFF00
16, 17,10, #FFFF00
15, 17,11, #FFFF00
15, 17,15, #FFFF00
15, 17,16, #FFFF00
15, 17,17, #FFFF00
15, 17,18, #FFFF00
16, 17,15, #FFFF00
16, 17,16, #FFFF00
16, 17,17, #FFFF00
16, 17,18, #FFFF00
16, 17,11, #FFFF00
16, 17,12, #FFFF00
17, 17,11, #FFFF00
17, 17,12, #FFFF00
16, 17,13, #FFFF00
16, 17,14, #FFFF00
16, 17,19, #FFFF00
16, 17,20, #FFFF00
17, 17,19, #FFFF00
17, 17,20, #FFFF00
17, 17,7, #FFFF00
17, 17,8, #FFFF00
17, 17,9, #FFFF00
17, 17,10, #FFFF00
18, 17,7, #FFFF00
18, 17,8, #FFFF00
18, 17,9, #FFFF00
18, 17,10, #FFFF00
17, 17,13, #FFFF00
17, 17,14, #FFFF00
17, 17,15, #FFFF00
17, 17,17, #FFFF00
17, 17,18, #FFFF00
18, 17,17, #FFFF00
18, 17,18, #FFFF00
18, 17,11, #FFFF00
18, 17,12, #FFFF00
18, 17,13, #FFFF00
18, 17,14, #FFFF00
19, 17,11, #FFFF00
19, 17,12, #FFFF00
19, 17,13, #FFFF00
19, 17,14, #FFFF00
18, 17,19, #FFFF00
18, 17,20, #FFFF00
19, 17,19, #FFFF00
19, 17,20, #FFFF00
19, 17,7, #FFFF00
19, 17,8, #FFFF00
19, 17,9, #FFFF00
19, 17,10, #FFFF00
20, 17,7, #FFFF00
20, 17,8, #FFFF00
20, 17,9, #FFFF00
20, 17,10, #FFFF00
19, 17,17, #FFFF00
19, 17,18, #FFFF00
20, 17,17, #FFFF00
20, 17,18, #FFFF00
20, 17,11, #FFFF00
20, 17,12, #FFFF00
20, 17,13, #FFFF00
20, 17,14, #FFFF00
21, 17,11, #FFFF00
21, 17,12, #FFFF00
21, 17,13, #FFFF00
21, 17,14, #FFFF00
20, 17,19, #FFFF00
20, 17,20, #FFFF00
21, 17,8, #FFFF00
21, 17,9, #FFFF00
21, 17,10, #FFFF00
21, 17,15, #FFFF00
21, 17,16, #FFFF00
21, 17,17, #FFFF00
21, 17,18, #FFFF00
22, 17,15, #FFFF00
22, 17,16, #FFFF00
22, 17,17, #FFFF00
22, 17,18, #FFFF00
21, 17,19, #FFFF00
22, 17,9, #FFFF00
22, 17,10, #FFFF00
22, 17,11, #FFFF00
22, 17,12, #FFFF00
22, 17,13, #FFFF00
22, 17,14, #FFFF00
23, 17,10, #FFFF00
23, 17,11, #FFFF00
23, 17,12, #FFFF00
23, 17,13, #FFFF00
23, 17,14, #FFFF00
23, 17,15, #FFFF00
23, 17,16, #FFFF00
23, 17,17, #FFFF00
24, 17,13, #FFFF00
24, 17,14, #FFFF00
24, 17,15, #FFFF00
10, 18,12, #FFFF00
10, 18,13, #FFFF00
10, 18,14, #FFFF00
11, 18,12, #FFFF00
11, 18,13, #FFFF00
11, 18,14, #FFFF00
11, 18,10, #FFFF00
11, 18,11, #FFFF00
12, 18,10, #FFFF00
12, 18,11, #FFFF00
13, 18,10, #FFFF00
13, 18,11, #FFFF00
11, 18,15, #FFFF00
11, 18,16, #FFFF00
12, 18,15, #FFFF00
12, 18,16, #FFFF00
13, 18,15, #FFFF00
13, 18,16, #FFFF00
12, 18,9, #FFFF00
12, 18,12, #FFFF00
12, 18,13, #FFFF00
12, 18,14, #FFFF00
13, 18,12, #FFFF00
13, 18,13, #FFFF00
13, 18,14, #FFFF00
12, 18,17, #FFFF00
12, 18,18, #FFFF00
13, 18,17, #FFFF00
13, 18,18, #FFFF00
13, 18,8, #FFFF00
13, 18,9, #FFFF00
14, 18,8, #FFFF00
14, 18,9, #FFFF00
15, 18,8, #FFFF00
15, 18,9, #FFFF00
16, 18,8, #FFFF00
16, 18,9, #FFFF00
13, 18,19, #FFFF00
14, 18,7, #FFFF00
14, 18,10, #FFFF00
14, 18,11, #FFFF00
14, 18,12, #FFFF00
14, 18,15, #FFFF00
14, 18,16, #FFFF00
14, 18,17, #FFFF00
14, 18,18, #FFFF00
14, 18,19, #FFFF00
14, 18,20, #FFFF00
15, 18,7, #FFFF00
15, 18,10, #FFFF00
15, 18,11, #FFFF00
15, 18,16, #FFFF00
15, 18,17, #FFFF00
15, 18,18, #FFFF00
15, 18,19, #FFFF00
15, 18,20, #FFFF00
16, 18,7, #FFFF00
16, 18,10, #FFFF00
16, 18,17, #FFFF00
16, 18,18, #FFFF00
16, 18,19, #FFFF00
16, 18,20, #FFFF00
17, 18,17, #FFFF00
17, 18,18, #FFFF00
17, 18,19, #FFFF00
17, 18,20, #FFFF00
17, 18,7, #FFFF00
17, 18,8, #FFFF00
18, 18,7, #FFFF00
18, 18,8, #FFFF00
19, 18,7, #FFFF00
19, 18,8, #FFFF00
20, 18,7, #FFFF00
20, 18,8, #FFFF00
17, 18,9, #FFFF00
17, 18,10, #FFFF00
18, 18,9, #FFFF00
18, 18,10, #FFFF00
18, 18,16, #FFFF00
18, 18,17, #FFFF00
18, 18,18, #FFFF00
18, 18,19, #FFFF00
19, 18,16, #FFFF00
19, 18,17, #FFFF00
19, 18,18, #FFFF00
19, 18,19, #FFFF00
18, 18,20, #FFFF00
19, 18,9, #FFFF00
19, 18,10, #FFFF00
19, 18,11, #FFFF00
20, 18,9, #FFFF00
20, 18,10, #FFFF00
20, 18,11, #FFFF00
19, 18,20, #FFFF00
20, 18,12, #FFFF00
20, 18,15, #FFFF00
20, 18,16, #FFFF00
20, 18,17, #FFFF00
20, 18,18, #FFFF00
21, 18,15, #FFFF00
21, 18,16, #FFFF00
21, 18,17, #FFFF00
21, 18,18, #FFFF00
20, 18,19, #FFFF00
20, 18,20, #FFFF00
21, 18,8, #FFFF00
21, 18,9, #FFFF00
21, 18,10, #FFFF00
21, 18,11, #FFFF00
21, 18,12, #FFFF00
21, 18,13, #FFFF00
21, 18,14, #FFFF00
22, 18,9, #FFFF00
22, 18,10, #FFFF00
22, 18,11, #FFFF00
22, 18,12, #FFFF00
22, 18,13, #FFFF00
22, 18,14, #FFFF00
22, 18,15, #FFFF00
22, 18,16, #FFFF00
22, 18,17, #FFFF00
23, 18,10, #FFFF00
23, 18,11, #FFFF00
23, 18,12, #FFFF00
23, 18,13, #FFFF00
23, 18,14, #FFFF00
23, 18,15, #FFFF00
23, 18,16, #FFFF00
24, 18,13, #FFFF00
24, 18,14, #FFFF00
10, 19,12, #FFFF00
10, 19,13, #FFFF00
10, 19,14, #FFFF00
10, 19,15, #FFFF00
11, 19,12, #FFFF00
11, 19,13, #FFFF00
11, 19,14, #FFFF00
11, 19,15, #FFFF00
11, 19,10, #FFFF00
11, 19,11, #FFFF00
12, 19,10, #FFFF00
12, 19,11, #FFFF00
11, 19,16, #FFFF00
11, 19,17, #FFFF00
12, 19,16, #FFFF00
12, 19,17, #FFFF00
12, 19,9, #FFFF00
12, 19,12, #FFFF00
12, 19,13, #FFFF00
12, 19,14, #FFFF00
12, 19,15, #FFFF00
12, 19,18, #FFFF00
12, 19,19, #FFFF00
13, 19,18, #FFFF00
13, 19,19, #FFFF00
13, 19,8, #FFFF00
13, 19,9, #FFFF00
13, 19,10, #FFFF00
14, 19,8, #FFFF00
14, 19,9, #FFFF00
14, 19,10, #FFFF00
13, 19,11, #FFFF00
13, 19,16, #FFFF00
13, 19,17, #FFFF00
14, 19,7, #FFFF00
14, 19,17, #FFFF00
14, 19,18, #FFFF00
14, 19,19, #FFFF00
14, 19,20, #FFFF00
15, 19,7, #000000
15, 19,8, #FFFF00
15, 19,9, #FFFF00
16, 19,8, #FFFF00
16, 19,9, #FFFF00
15, 19,18, #FFFF00
15, 19,19, #FFFF00
15, 19,20, #FFFF00
16, 19,7, #000000
16, 19,19, #FFFF00
16, 19,20, #FFFF00
17, 19,19, #FFFF00
17, 19,20, #FFFF00
17, 19,7, #000000
17, 19,8, #FFFF00
18, 19,7, #000000
18, 19,8, #FFFF00
18, 19,9, #FFFF00
19, 19,8, #FFFF00
19, 19,9, #FFFF00
18, 19,19, #FFFF00
18, 19,20, #FFFF00
19, 19,19, #FFFF00
19, 19,20, #FFFF00
19, 19,7, #000000
19, 19,18, #FFFF00
20, 19,7, #FFFF00
20, 19,8, #FFFF00
20, 19,9, #FFFF00
20, 19,10, #FFFF00
20, 19,17, #FFFF00
20, 19,18, #FFFF00
20, 19,19, #FFFF00
21, 19,17, #FFFF00
21, 19,18, #FFFF00
21, 19,19, #FFFF00
20, 19,20, #FFFF00
21, 19,8, #FFFF00
21, 19,9, #FFFF00
21, 19,10, #FFFF00
21, 19,11, #FFFF00
21, 19,16, #FFFF00
22, 19,9, #FFFF00
22, 19,10, #FFFF00
22, 19,11, #FFFF00
22, 19,12, #FFFF00
22, 19,13, #FFFF00
22, 19,14, #FFFF00
22, 19,15, #FFFF00
22, 19,16, #FFFF00
22, 19,17, #FFFF00
23, 19,15, #FFFF00
23, 19,16, #FFFF00
23, 19,17, #FFFF00
22, 19,18, #FFFF00
23, 19,10, #FFFF00
23, 19,11, #FFFF00
23, 19,12, #FFFF00
23, 19,13, #FFFF00
23, 19,14, #FFFF00
24, 19,13, #FFFF00
24, 19,14, #FFFF00
24, 19,15, #FFFF00
10, 20,12, #FFFF00
10, 20,13, #FFFF00
10, 20,14, #FFFF00
11, 20,12, #FFFF00
11, 20,13, #FFFF00
11, 20,14, #FFFF00
10, 20,15, #FFFF00
11, 20,10, #FFFF00
11, 20,11, #FFFF00
12, 20,10, #FFFF00
12, 20,11, #FFFF00
11, 20,15, #FFFF00
11, 20,16, #FFFF00
11, 20,17, #FFFF00
12, 20,15, #FFFF00
12, 20,16, #FFFF00
12, 20,17, #FFFF00
12, 20,9, #FFFF00
12, 20,12, #FFFF00
12, 20,13, #FFFF00
12, 20,14, #FFFF00
12, 20,18, #FFFF00
12, 20,19, #FFFF00
13, 20,18, #FFFF00
13, 20,19, #FFFF00
13, 20,8, #FFFF00
13, 20,9, #FFFF00
14, 20,8, #FFFF00
14, 20,9, #FFFF00
15, 20,8, #FFFF00
15, 20,9, #FFFF00
13, 20,10, #FFFF00
13, 20,11, #FFFF00
13, 20,16, #FFFF00
13, 20,17, #FFFF00
14, 20,7, #FFFF00
14, 20,10, #FFFF00
14, 20,17, #FFFF00
14, 20,18, #FFFF00
14, 20,19, #FFFF00
14, 20,20, #FFFF00
15, 20,7, #000000
15, 20,18, #FFFF00
15, 20,19, #FFFF00
15, 20,20, #FFFF00
16, 20,7, #FFFF00
16, 20,8, #FFFF00
17, 20,7, #FFFF00
17, 20,8, #FFFF00
16, 20,9, #FFFF00
16, 20,19, #FFFF00
16, 20,20, #FFFF00
17, 20,19, #FFFF00
17, 20,20, #FFFF00
18, 20,7, #FFFF00
18, 20,8, #FFFF00
18, 20,9, #FFFF00
18, 20,19, #FFFF00
18, 20,20, #FFFF00
19, 20,19, #FFFF00
19, 20,20, #FFFF00
19, 20,7, #000000
19, 20,8, #FFFF00
19, 20,9, #FFFF00
20, 20,8, #FFFF00
20, 20,9, #FFFF00
19, 20,18, #FFFF00
20, 20,7, #FFFF00
20, 20,10, #FFFF00
20, 20,17, #FFFF00
20, 20,18, #FFFF00
21, 20,17, #FFFF00
21, 20,18, #FFFF00
22, 20,17, #FFFF00
22, 20,18, #FFFF00
20, 20,19, #FFFF00
20, 20,20, #FFFF00
21, 20,8, #FFFF00
21, 20,9, #FFFF00
21, 20,10, #FFFF00
21, 20,11, #FFFF00
21, 20,16, #FFFF00
21, 20,19, #FFFF00
22, 20,9, #FFFF00
22, 20,10, #FFFF00
22, 20,11, #FFFF00
22, 20,12, #FFFF00
22, 20,13, #FFFF00
22, 20,14, #FFFF00
22, 20,15, #FFFF00
22, 20,16, #FFFF00
23, 20,10, #FFFF00
23, 20,11, #FFFF00
23, 20,12, #FFFF00
23, 20,13, #FFFF00
23, 20,14, #FFFF00
23, 20,15, #FFFF00
23, 20,16, #FFFF00
23, 20,17, #FFFF00
24, 20,13, #FFFF00
24, 20,14, #FFFF00
24, 20,15, #FFFF00
10, 21,12, #FFFF00
10, 21,13, #FFFF00
10, 21,14, #FFFF00
10, 21,15, #FFFF00
11, 21,12, #FFFF00
11, 21,13, #FFFF00
11, 21,14, #FFFF00
11, 21,15, #FFFF00
11, 21,10, #FFFF00
11, 21,11, #FFFF00
12, 21,10, #FFFF00
12, 21,11, #FFFF00
11, 21,16, #FFFF00
11, 21,17, #FFFF00
12, 21,16, #FFFF00
12, 21,17, #FFFF00
12, 21,9, #FFFF00
12, 21,12, #FFFF00
12, 21,13, #FFFF00
12, 21,14, #FFFF00
12, 21,15, #FFFF00
12, 21,18, #FFFF00
12, 21,19, #FFFF00
13, 21,18, #FFFF00
13, 21,19, #FFFF00
13, 21,8, #FFFF00
13, 21,9, #FFFF00
13, 21,10, #FFFF00
14, 21,8, #FFFF00
14, 21,9, #FFFF00
14, 21,10, #FFFF00
13, 21,11, #FFFF00
13, 21,16, #FFFF00
13, 21,17, #FFFF00
14, 21,7, #FFFF00
14, 21,17, #FFFF00
14, 21,18, #FFFF00
14, 21,19, #FFFF00
14, 21,20, #FFFF00
15, 21,7, #FFFF00
15, 21,8, #FFFF00
15, 21,9, #FFFF00
16, 21,7, #FFFF00
16, 21,8, #FFFF00
16, 21,9, #FFFF00
15, 21,18, #FFFF00
15, 21,19, #FFFF00
15, 21,20, #FFFF00
16, 21,19, #FFFF00
16, 21,20, #FFFF00
17, 21,19, #FFFF00
17, 21,20, #FFFF00
17, 21,7, #FFFF00
17, 21,8, #FFFF00
18, 21,7, #FFFF00
18, 21,8, #FFFF00
18, 21,9, #FFFF00
18, 21,19, #FFFF00
18, 21,20, #FFFF00
19, 21,19, #FFFF00
19, 21,20, #FFFF00
19, 21,7, #FFFF00
19, 21,8, #FFFF00
19, 21,9, #FFFF00
20, 21,7, #FFFF00
20, 21,8, #FFFF00
20, 21,9, #FFFF00
19, 21,18, #FFFF00
20, 21,10, #FFFF00
20, 21,17, #FFFF00
20, 21,18, #FFFF00
20, 21,19, #FFFF00
21, 21,17, #FFFF00
21, 21,18, #FFFF00
21, 21,19, #FFFF00
20, 21,20, #FFFF00
21, 21,8, #FFFF00
21, 21,9, #FFFF00
21, 21,10, #FFFF00
21, 21,11, #FFFF00
21, 21,16, #FFFF00
22, 21,9, #FFFF00
22, 21,10, #FFFF00
22, 21,11, #FFFF00
22, 21,12, #FFFF00
22, 21,13, #FFFF00
22, 21,14, #FFFF00
22, 21,15, #FFFF00
22, 21,16, #FFFF00
22, 21,17, #FFFF00
23, 21,15, #FFFF00
23, 21,16, #FFFF00
23, 21,17, #FFFF00
22, 21,18, #FFFF00
23, 21,10, #FFFF00
23, 21,11, #FFFF00
23, 21,12, #FFFF00
23, 21,13, #FFFF00
23, 21,14, #FFFF00
24, 21,13, #FFFF00
24, 21,14, #FFFF00
24, 21,15, #FFFF00
10, 22,12, #FFFF00
10, 22,13, #FFFF00
10, 22,14, #FFFF00
11, 22,12, #FFFF00
11, 22,13, #FFFF00
11, 22,14, #FFFF00
10, 22,15, #FFFF00
11, 22,10, #FFFF00
11, 22,11, #FFFF00
12, 22,10, #FFFF00
12, 22,11, #FFFF00
11, 22,15, #FFFF00
11, 22,16, #FFFF00
11, 22,17, #FFFF00
12, 22,15, #FFFF00
12, 22,16, #FFFF00
12, 22,17, #FFFF00
12, 22,9, #FFFF00
12, 22,12, #FFFF00
12, 22,13, #FFFF00
12, 22,14, #FFFF00
12, 22,18, #FFFF00
12, 22,19, #FFFF00
13, 22,18, #FFFF00
13, 22,19, #FFFF00
13, 22,8, #FFFF00
13, 22,9, #FFFF00
14, 22,8, #FFFF00
14, 22,9, #FFFF00
15, 22,8, #FFFF00
15, 22,9, #FFFF00
13, 22,10, #FFFF00
13, 22,11, #FFFF00
13, 22,12, #FFFF00
13, 22,16, #FFFF00
13, 22,17, #FFFF00
14, 22,7, #FFFF00
14, 22,10, #FFFF00
14, 22,17, #FFFF00
14, 22,18, #FFFF00
14, 22,19, #FFFF00
14, 22,20, #FFFF00
15, 22,7, #FFFF00
15, 22,18, #FFFF00
15, 22,19, #FFFF00
15, 22,20, #FFFF00
16, 22,18, #FFFF00
16, 22,19, #FFFF00
16, 22,20, #FFFF00
16, 22,7, #FFFF00
16, 22,8, #FFFF00
16, 22,9, #FFFF00
17, 22,7, #FFFF00
17, 22,8, #FFFF00
17, 22,9, #FFFF00
17, 22,19, #FFFF00
17, 22,20, #FFFF00
18, 22,19, #FFFF00
18, 22,20, #FFFF00
18, 22,7, #FFFF00
18, 22,8, #FFFF00
18, 22,9, #FFFF00
19, 22,7, #FFFF00
19, 22,8, #FFFF00
19, 22,9, #FFFF00
18, 22,18, #FFFF00
19, 22,10, #FFFF00
19, 22,18, #FFFF00
19, 22,19, #FFFF00
19, 22,20, #FFFF00
20, 22,18, #FFFF00
20, 22,19, #FFFF00
20, 22,20, #FFFF00
20, 22,7, #FFFF00
20, 22,8, #FFFF00
20, 22,9, #FFFF00
20, 22,10, #FFFF00
20, 22,11, #FFFF00
20, 22,17, #FFFF00
21, 22,8, #FFFF00
21, 22,9, #FFFF00
21, 22,10, #FFFF00
21, 22,11, #FFFF00
21, 22,12, #FFFF00
22, 22,11, #FFFF00
22, 22,12, #FFFF00
21, 22,16, #FFFF00
21, 22,17, #FFFF00
21, 22,18, #FFFF00
22, 22,16, #FFFF00
22, 22,17, #FFFF00
22, 22,18, #FFFF00
21, 22,19, #FFFF00
22, 22,9, #FFFF00
22, 22,10, #FFFF00
22, 22,13, #FFFF00
22, 22,14, #FFFF00
22, 22,15, #FFFF00
23, 22,13, #FFFF00
23, 22,14, #FFFF00
23, 22,15, #FFFF00
23, 22,10, #FFFF00
23, 22,11, #FFFF00
23, 22,12, #FFFF00
23, 22,16, #FFFF00
23, 22,17, #FFFF00
24, 22,14, #FFFF00
24, 22,15, #FFFF00
10, 23,12, #FFFF00
10, 23,13, #FFFF00
10, 23,14, #FFFF00
10, 23,15, #FFFF00
11, 23,12, #FFFF00
11, 23,13, #FFFF00
11, 23,14, #FFFF00
11, 23,15, #FFFF00
11, 23,10, #FFFF00
11, 23,11, #FFFF00
12, 23,10, #FFFF00
12, 23,11, #FFFF00
11, 23,16, #FFFF00
11, 23,17, #FFFF00
12, 23,16, #FFFF00
12, 23,17, #FFFF00
12, 23,9, #FFFF00
12, 23,12, #FFFF00
12, 23,13, #FFFF00
12, 23,14, #FFFF00
12, 23,15, #FFFF00
13, 23,12, #FFFF00
13, 23,13, #FFFF00
13, 23,14, #FFFF00
13, 23,15, #FFFF00
12, 23,18, #FFFF00
12, 23,19, #FFFF00
13, 23,18, #FFFF00
13, 23,19, #FFFF00
13, 23,8, #FFFF00
13, 23,9, #FFFF00
13, 23,10, #FFFF00
13, 23,11, #FFFF00
14, 23,8, #FFFF00
14, 23,9, #FFFF00
14, 23,10, #FFFF00
14, 23,11, #FFFF00
13, 23,16, #FFFF00
13, 23,17, #FFFF00
14, 23,16, #FFFF00
14, 23,17, #FFFF00
14, 23,7, #FFFF00
14, 23,12, #FFFF00
14, 23,15, #FFFF00
14, 23,18, #FFFF00
14, 23,19, #FFFF00
14, 23,20, #FFFF00
15, 23,18, #FFFF00
15, 23,19, #FFFF00
15, 23,20, #FFFF00
15, 23,7, #000000
15, 23,8, #FFFF00
15, 23,9, #FFFF00
15, 23,10, #FFFF00
16, 23,8, #FFFF00
16, 23,9, #FFFF00
16, 23,10, #FFFF00
15, 23,11, #FFFF00
15, 23,16, #FFFF00
15, 23,17, #FFFF00
16, 23,7, #FFFF00
16, 23,17, #FFFF00
16, 23,18, #FFFF00
16, 23,19, #FFFF00
16, 23,20, #FFFF00
17, 23,17, #FFFF00
17, 23,18, #FFFF00
17, 23,19, #FFFF00
17, 23,20, #FFFF00
17, 23,7, #FFFF00
17, 23,8, #FFFF00
17, 23,9, #FFFF00
17, 23,10, #FFFF00
18, 23,7, #FFFF00
18, 23,8, #FFFF00
18, 23,9, #FFFF00
18, 23,10, #FFFF00
18, 23,17, #FFFF00
18, 23,18, #FFFF00
18, 23,19, #FFFF00
18, 23,20, #FFFF00
19, 23,17, #FFFF00
19, 23,18, #FFFF00
19, 23,19, #FFFF00
19, 23,20, #FFFF00
19, 23,7, #000000
19, 23,8, #FFFF00
19, 23,9, #FFFF00
19, 23,10, #FFFF00
19, 23,11, #FFFF00
20, 23,8, #FFFF00
20, 23,9, #FFFF00
20, 23,10, #FFFF00
20, 23,11, #FFFF00
19, 23,16, #FFFF00
20, 23,7, #FFFF00
20, 23,12, #FFFF00
20, 23,15, #FFFF00
20, 23,16, #FFFF00
20, 23,17, #FFFF00
20, 23,18, #FFFF00
21, 23,15, #FFFF00
21, 23,16, #FFFF00
21, 23,17, #FFFF00
21, 23,18, #FFFF00
20, 23,19, #FFFF00
20, 23,20, #FFFF00
21, 23,8, #FFFF00
21, 23,9, #FFFF00
21, 23,10, #FFFF00
21, 23,11, #FFFF00
21, 23,12, #FFFF00
21, 23,13, #FFFF00
21, 23,14, #FFFF00
21, 23,19, #FFFF00
22, 23,9, #FFFF00
22, 23,10, #FFFF00
22, 23,11, #FFFF00
22, 23,12, #FFFF00
22, 23,13, #FFFF00
22, 23,14, #FFFF00
22, 23,15, #FFFF00
22, 23,16, #FFFF00
22, 23,17, #FFFF00
22, 23,18, #FFFF00
23, 23,10, #FFFF00
23, 23,11, #FFFF00
23, 23,12, #FFFF00
23, 23,13, #FFFF00
23, 23,14, #FFFF00
23, 23,15, #FFFF00
23, 23,16, #FFFF00
23, 23,17, #FFFF00
10, 24,14, #FFFF00
11, 24,11, #FFFF00
11, 24,12, #FFFF00
11, 24,13, #FFFF00
11, 24,14, #FFFF00
11, 24,15, #FFFF00
11, 24,16, #FFFF00
12, 24,11, #FFFF00
12, 24,12, #FFFF00
12, 24,13, #FFFF00
12, 24,14, #FFFF00
12, 24,15, #FFFF00
12, 24,16, #FFFF00
11, 24,17, #FFFF00
12, 24,9, #FFFF00
12, 24,10, #FFFF00
13, 24,9, #FFFF00
13, 24,10, #FFFF00
12, 24,17, #FFFF00
12, 24,18, #FFFF00
13, 24,17, #FFFF00
13, 24,18, #FFFF00
13, 24,8, #FFFF00
13, 24,11, #FFFF00
13, 24,12, #FFFF00
13, 24,13, #FFFF00
13, 24,14, #FFFF00
13, 24,15, #FFFF00
13, 24,16, #FFFF00
14, 24,11, #FFFF00
14, 24,12, #FFFF00
14, 24,13, #FFFF00
14, 24,14, #FFFF00
14, 24,15, #FFFF00
14, 24,16, #FFFF00
13, 24,19, #FFFF00
14, 24,7, #FFFF00
14, 24,8, #FFFF00
14, 24,9, #FFFF00
14, 24,10, #FFFF00
15, 24,7, #FFFF00
15, 24,8, #FFFF00
15, 24,9, #FFFF00
15, 24,10, #FFFF00
14, 24,17, #FFFF00
14, 24,18, #FFFF00
14, 24,19, #FFFF00
15, 24,17, #FFFF00
15, 24,18, #FFFF00
15, 24,19, #FFFF00
15, 24,11, #FFFF00
15, 24,12, #FFFF00
15, 24,13, #FFFF00
15, 24,14, #FFFF00
15, 24,15, #FFFF00
15, 24,16, #FFFF00
16, 24,11, #FFFF00
16, 24,12, #FFFF00
16, 24,13, #FFFF00
16, 24,14, #FFFF00
16, 24,15, #FFFF00
16, 24,16, #FFFF00
15, 24,20, #FFFF00
16, 24,7, #FFFF00
16, 24,8, #FFFF00
16, 24,9, #FFFF00
16, 24,10, #FFFF00
17, 24,7, #FFFF00
17, 24,8, #FFFF00
17, 24,9, #FFFF00
17, 24,10, #FFFF00
16, 24,17, #FFFF00
16, 24,18, #FFFF00
17, 24,17, #FFFF00
17, 24,18, #FFFF00
18, 24,17, #FFFF00
18, 24,18, #FFFF00
19, 24,17, #FFFF00
19, 24,18, #FFFF00
16, 24,19, #FFFF00
16, 24,20, #FFFF00
17, 24,19, #FFFF00
17, 24,20, #FFFF00
17, 24,11, #FFFF00
17, 24,12, #FFFF00
18, 24,11, #FFFF00
18, 24,12, #FFFF00
17, 24,13, #FFFF00
17, 24,14, #FFFF00
17, 24,15, #FFFF00
18, 24,7, #FFFF00
18, 24,8, #FFFF00
18, 24,9, #FFFF00
18, 24,10, #FFFF00
19, 24,7, #FFFF00
19, 24,8, #FFFF00
19, 24,9, #FFFF00
19, 24,10, #FFFF00
18, 24,13, #FFFF00
18, 24,14, #FFFF00
19, 24,13, #FFFF00
19, 24,14, #FFFF00
18, 24,19, #FFFF00
18, 24,20, #FFFF00
19, 24,19, #FFFF00
19, 24,20, #FFFF00
19, 24,11, #FFFF00
19, 24,12, #FFFF00
20, 24,11, #FFFF00
20, 24,12, #FFFF00
19, 24,15, #FFFF00
19, 24,16, #FFFF00
20, 24,15, #FFFF00
20, 24,16, #FFFF00
20, 24,7, #FFFF00
20, 24,8, #FFFF00
20, 24,9, #FFFF00
20, 24,10, #FFFF00
20, 24,13, #FFFF00
20, 24,14, #FFFF00
21, 24,13, #FFFF00
21, 24,14, #FFFF00
20, 24,17, #FFFF00
20, 24,18, #FFFF00
20, 24,19, #FFFF00
21, 24,17, #FFFF00
21, 24,18, #FFFF00
21, 24,19, #FFFF00
21, 24,9, #FFFF00
21, 24,10, #FFFF00
21, 24,11, #FFFF00
21, 24,12, #FFFF00
21, 24,15, #FFFF00
21, 24,16, #FFFF00
22, 24,15, #FFFF00
22, 24,16, #FFFF00
22, 24,10, #FFFF00
22, 24,11, #FFFF00
22, 24,12, #FFFF00
22, 24,13, #FFFF00
22, 24,14, #FFFF00
22, 24,17, #FFFF00
23, 24,17, #FFFF00
22, 24,18, #FFFF00
23, 24,11, #FFFF00
23, 24,12, #FFFF00
23, 24,13, #FFFF00
23, 24,14, #FFFF00
23, 24,15, #FFFF00
23, 24,16, #FFFF00
12, 25,11, #FFFF00
12, 25,12, #FFFF00
12, 25,13, #FFFF00
12, 25,14, #FFFF00
12, 25,15, #FFFF00
12, 25,16, #FFFF00
13, 25,11, #FFFF00
13, 25,12, #FFFF00
13, 25,13, #FFFF00
13, 25,14, #FFFF00
13, 25,15, #FFFF00
13, 25,16, #FFFF00
13, 25,10, #FFFF00
13, 25,17, #FFFF00
14, 25,9, #FFFF00
14, 25,10, #FFFF00
14, 25,11, #FFFF00
14, 25,12, #FFFF00
14, 25,13, #FFFF00
14, 25,14, #FFFF00
14, 25,15, #FFFF00
14, 25,16, #FFFF00
15, 25,9, #FFFF00
15, 25,10, #FFFF00
15, 25,11, #FFFF00
15, 25,12, #FFFF00
15, 25,13, #FFFF00
15, 25,14, #FFFF00
15, 25,15, #FFFF00
15, 25,16, #FFFF00
14, 25,17, #FFFF00
14, 25,18, #FFFF00
15, 25,17, #FFFF00
15, 25,18, #FFFF00
16, 25,17, #FFFF00
16, 25,18, #FFFF00
15, 25,19, #FFFF00
16, 25,9, #FFFF00
16, 25,10, #FFFF00
16, 25,11, #FFFF00
16, 25,12, #FFFF00
17, 25,9, #FFFF00
17, 25,10, #FFFF00
17, 25,11, #FFFF00
17, 25,12, #FFFF00
16, 25,13, #FFFF00
16, 25,14, #FFFF00
16, 25,15, #FFFF00
16, 25,16, #FFFF00
16, 25,19, #FFFF00
17, 25,13, #FFFF00
17, 25,14, #FFFF00
17, 25,15, #FFFF00
17, 25,16, #FFFF00
17, 25,17, #FFFF00
17, 25,18, #FFFF00
18, 25,15, #FFFF00
18, 25,16, #FFFF00
18, 25,17, #FFFF00
18, 25,18, #FFFF00
17, 25,19, #FFFF00
18, 25,9, #FFFF00
18, 25,10, #FFFF00
18, 25,11, #FFFF00
18, 25,12, #FFFF00
18, 25,13, #FFFF00
18, 25,14, #FFFF00
19, 25,9, #FFFF00
19, 25,10, #FFFF00
19, 25,11, #FFFF00
19, 25,12, #FFFF00
19, 25,13, #FFFF00
19, 25,14, #FFFF00
18, 25,19, #FFFF00
19, 25,15, #FFFF00
19, 25,16, #FFFF00
19, 25,17, #FFFF00
19, 25,18, #FFFF00
20, 25,15, #FFFF00
20, 25,16, #FFFF00
20, 25,17, #FFFF00
20, 25,18, #FFFF00
20, 25,9, #FFFF00
20, 25,10, #FFFF00
20, 25,11, #FFFF00
20, 25,12, #FFFF00
20, 25,13, #FFFF00
20, 25,14, #FFFF00
21, 25,10, #FFFF00
21, 25,11, #FFFF00
21, 25,12, #FFFF00
21, 25,13, #FFFF00
21, 25,14, #FFFF00
21, 25,15, #FFFF00
21, 25,16, #FFFF00
21, 25,17, #FFFF00
22, 25,12, #FFFF00
22, 25,13, #FFFF00
22, 25,14, #FFFF00
22, 25,15, #FFFF00
14, 26,12, #FFFF00
14, 26,13, #FFFF00
14, 26,14, #FFFF00
14, 26,15, #FFFF00
15, 26,12, #FFFF00
15, 26,13, #FFFF00
15, 26,14, #FFFF00
15, 26,15, #FFFF00
15, 26,11, #FFFF00
15, 26,16, #FFFF00
16, 26,11, #FFFF00
16, 26,12, #FFFF00
16, 26,13, #FFFF00
16, 26,14, #FFFF00
16, 26,15, #FFFF00
16, 26,16, #FFFF00
17, 26,11, #FFFF00
17, 26,12, #FFFF00
17, 26,13, #FFFF00
17, 26,14, #FFFF00
17, 26,15, #FFFF00
17, 26,16, #FFFF00
16, 26,17, #FFFF00
17, 26,17, #FFFF00
18, 26,11, #FFFF00
18, 26,12, #FFFF00
18, 26,13, #FFFF00
18, 26,14, #FFFF00
18, 26,15, #FFFF00
18, 26,16, #FFFF00
19, 26,11, #FFFF00
19, 26,12, #FFFF00
19, 26,13, #FFFF00
19, 26,14, #FFFF00
19, 26,15, #FFFF00
19, 26,16, #FFFF00
18, 26,17, #FFFF00
20, 26,12, #FFFF00
20, 26,13, #FFFF00
20, 26,14, #FFFF00
20, 26,15, #FFFF00
14, 27,12, #FFFF00
14, 27,13, #FFFF00
15, 27,12, #FFFF00
15, 27,13, #FFFF00
16, 27,12, #FFFF00
16, 27,13, #FFFF00
17, 27,12, #FFFF00
17, 27,13, #FFFF00
14, 27,14, #FFFF00
14, 27,15, #FFFF00
15, 27,14, #FFFF00
15, 27,15, #FFFF00
15, 27,11, #FFFF00
15, 27,16, #FFFF00
16, 27,11, #FFFF00
16, 27,14, #FFFF00
16, 27,15, #FFFF00
16, 27,16, #FFFF00
16, 27,17, #FFFF00
17, 27,14, #FFFF00
17, 27,15, #FFFF00
17, 27,16, #FFFF00
17, 27,17, #FFFF00
17, 27,11, #FFFF00
18, 27,11, #FFFF00
18, 27,12, #FFFF00
18, 27,13, #FFFF00
18, 27,14, #FFFF00
19, 27,11, #FFFF00
19, 27,12, #FFFF00
19, 27,13, #FFFF00
19, 27,14, #FFFF00
18, 27,15, #FFFF00
18, 27,16, #FFFF00
19, 27,15, #FFFF00
19, 27,16, #FFFF00
18, 27,17, #FFFF00
20, 27,12, #FFFF00
20, 27,13, #FFFF00
20, 27,14, #FFFF00
20, 27,15, #FFFF00
