0,10,0,10,#0b3e6f,0
0,11,0,10,#0b3e6f,0
0,12,0,10,#0b3e6f,0
0,13,0,10,#0b3e6f,0
0,14,0,10,#0b3e6f,0
0,15,0,10,#0b3e6f,0
0,16,0,10,#0b3e6f,0
0,17,0,10,#0b3e6f,0
0,18,0,10,#0b3e6f,0
0,19,0,10,#0b3e6f,0
0,20,0,10,#0b3e6f,0
0,21,0,10,#0b3e6f,0
0,22,0,10,#0b3e6f,0
0,23,0,10,#0b3e6f,0
0,24,0,10,#0b3e6f,0
0,25,0,10,#0b3e6f,0
0,26,0,10,#0b3e6f,0
0,27,0,10,#0b3e6f,0
0,28,0,10,#0b3e6f,0
0,29,0,10,#0b3e6f,0
0,10,0,11,#0b3e6f,0
0,11,0,11,#0b3e6f,0
0,12,0,11,#0b3e6f,0
0,13,0,11,#0b3e6f,0
0,14,0,11,#0b3e6f,0
0,15,0,11,#0b3e6f,0
0,16,0,11,#0b3e6f,0
0,17,0,11,#0b3e6f,0
0,18,0,11,#0b3e6f,0
0,19,0,11,#0b3e6f,0
0,20,0,11,#0b3e6f,0
0,21,0,11,#0b3e6f,0
0,22,0,11,#0b3e6f,0
0,23,0,11,#0b3e6f,0
0,24,0,11,#0b3e6f,0
0,25,0,11,#0b3e6f,0
0,26,0,11,#0b3e6f,0
0,27,0,11,#0b3e6f,0
0,28,0,11,#0b3e6f,0
0,29,0,11,#0b3e6f,0
0,10,0,12,#0b3e6f,0
0,11,0,12,#0b3e6f,0
0,12,0,12,#0b3e6f,0
0,13,0,12,#0b3e6f,0
0,14,0,12,#0b3e6f,0
0,15,0,12,#0b3e6f,0
0,16,0,12,#0b3e6f,0
0,17,0,12,#0b3e6f,0
0,18,0,12,#0b3e6f,0
0,19,0,12,#0b3e6f,0
0,20,0,12,#0b3e6f,0
0,21,0,12,#0b3e6f,0
0,22,0,12,#0b3e6f,0
0,23,0,12,#0b3e6f,0
0,24,0,12,#0b3e6f,0
0,25,0,12,#0b3e6f,0
0,26,0,12,#0b3e6f,0
0,27,0,12,#0b3e6f,0
0,28,0,12,#0b3e6f,0
0,29,0,12,#0b3e6f,0
0,10,0,13,#0b3e6f,0
0,11,0,13,#0b3e6f,0
0,12,0,13,#0b3e6f,0
0,13,0,13,#0b3e6f,0
0,14,0,13,#0b3e6f,0
0,15,0,13,#0b3e6f,0
0,16,0,13,#0b3e6f,0
0,17,0,13,#0b3e6f,0
0,18,0,13,#0b3e6f,0
0,19,0,13,#0b3e6f,0
0,20,0,13,#0b3e6f,0
0,21,0,13,#0b3e6f,0
0,22,0,13,#0b3e6f,0
0,23,0,13,#0b3e6f,0
0,24,0,13,#0b3e6f,0
0,25,0,13,#0b3e6f,0
0,26,0,13,#0b3e6f,0
0,27,0,13,#0b3e6f,0
0,28,0,13,#0b3e6f,0
0,29,0,13,#0b3e6f,0
0,10,0,14,#0b3e6f,0
0,11,0,14,#0b3e6f,0
0,12,0,14,#0b3e6f,0
0,13,0,14,#0b3e6f,0
0,14,0,14,#0b3e6f,0
0,15,0,14,#0b3e6f,0
0,16,0,14,#0b3e6f,0
0,17,0,14,#0b3e6f,0
0,18,0,14,#0b3e6f,0
0,19,0,14,#0b3e6f,0
0,20,0,14,#0b3e6f,0
0,21,0,14,#0b3e6f,0
0,22,0,14,#0b3e6f,0
0,23,0,14,#0b3e6f,0
0,24,0,14,#0b3e6f,0
0,25,0,14,#0b3e6f,0
0,26,0,14,#0b3e6f,0
0,27,0,14,#0b3e6f,0
0,28,0,14,#0b3e6f,0
0,29,0,14,#0b3e6f,0
0,10,0,15,#0b3e6f,0
0,11,0,15,#0b3e6f,0
0,12,0,15,#0b3e6f,0
0,13,0,15,#0b3e6f,0
0,14,0,15,#0b3e6f,0
0,15,0,15,#0b3e6f,0
0,16,0,15,#0b3e6f,0
0,17,0,15,#0b3e6f,0
0,18,0,15,#0b3e6f,0
0,19,0,15,#0b3e6f,0
0,20,0,15,#0b3e6f,0
0,21,0,15,#0b3e6f,0
0,22,0,15,#0b3e6f,0
0,23,0,15,#0b3e6f,0
0,24,0,15,#0b3e6f,0
0,25,0,15,#0b3e6f,0
0,26,0,15,#0b3e6f,0
0,27,0,15,#0b3e6f,0
0,28,0,15,#0b3e6f,0
0,29,0,15,#0b3e6f,0
0,10,0,16,#0b3e6f,0
0,11,0,16,#0b3e6f,0
0,12,0,16,#0b3e6f,0
0,13,0,16,#0b3e6f,0
0,14,0,16,#0b3e6f,0
0,15,0,16,#0b3e6f,0
0,16,0,16,#0b3e6f,0
0,17,0,16,#0b3e6f,0
0,18,0,16,#0b3e6f,0
0,19,0,16,#0b3e6f,0
0,20,0,16,#0b3e6f,0
0,21,0,16,#0b3e6f,0
0,22,0,16,#0b3e6f,0
0,23,0,16,#0b3e6f,0
0,24,0,16,#0b3e6f,0
0,25,0,16,#0b3e6f,0
0,26,0,16,#0b3e6f,0
0,27,0,16,#0b3e6f,0
0,28,0,16,#0b3e6f,0
0,29,0,16,#0b3e6f,0
0,10,0,17,#0b3e6f,0
0,11,0,17,#0b3e6f,0
0,12,0,17,#0b3e6f,0
0,13,0,17,#0b3e6f,0
0,14,0,17,#0b3e6f,0
0,15,0,17,#0b3e6f,0
0,16,0,17,#0b3e6f,0
0,17,0,17,#0b3e6f,0
0,18,0,17,#0b3e6f,0
0,19,0,17,#0b3e6f,0
0,20,0,17,#0b3e6f,0
0,21,0,17,#0b3e6f,0
0,22,0,17,#0b3e6f,0
0,23,0,17,#0b3e6f,0
0,24,0,17,#0b3e6f,0
0,25,0,17,#0b3e6f,0
0,26,0,17,#0b3e6f,0
0,27,0,17,#0b3e6f,0
0,28,0,17,#0b3e6f,0
0,29,0,17,#0b3e6f,0
0,10,0,18,#0b3e6f,0
0,11,0,18,#0b3e6f,0
0,12,0,18,#0b3e6f,0
0,13,0,18,#0b3e6f,0
0,14,0,18,#0b3e6f,0
0,15,0,18,#0b3e6f,0
0,16,0,18,#0b3e6f,0
0,17,0,18,#0b3e6f,0
0,18,0,18,#0b3e6f,0
0,19,0,18,#0b3e6f,0
0,20,0,18,#0b3e6f,0
0,21,0,18,#0b3e6f,0
0,22,0,18,#0b3e6f,0
0,23,0,18,#0b3e6f,0
0,24,0,18,#0b3e6f,0
0,25,0,18,#0b3e6f,0
0,26,0,18,#0b3e6f,0
0,27,0,18,#0b3e6f,0
0,28,0,18,#0b3e6f,0
0,29,0,18,#0b3e6f,0
0,10,0,19,#0b3e6f,0
0,11,0,19,#0b3e6f,0
0,12,0,19,#0b3e6f,0
0,13,0,19,#0b3e6f,0
0,14,0,19,#0b3e6f,0
0,15,0,19,#0b3e6f,0
0,16,0,19,#0b3e6f,0
0,17,0,19,#0b3e6f,0
0,18,0,19,#0b3e6f,0
0,19,0,19,#0b3e6f,0
0,20,0,19,#0b3e6f,0
0,21,0,19,#0b3e6f,0
0,22,0,19,#0b3e6f,0
0,23,0,19,#0b3e6f,0
0,24,0,19,#0b3e6f,0
0,25,0,19,#0b3e6f,0
0,26,0,19,#0b3e6f,0
0,27,0,19,#0b3e6f,0
0,28,0,19,#0b3e6f,0
0,29,0,19,#0b3e6f,0
0,10,1,10,#0b3e6f,0
0,11,1,10,#0b3e6f,0
0,12,1,10,#0b3e6f,0
0,13,1,10,#0b3e6f,0
0,14,1,10,#0b3e6f,0
0,15,1,10,#0b3e6f,0
0,16,1,10,#0b3e6f,0
0,17,1,10,#0b3e6f,0
0,18,1,10,#0b3e6f,0
0,19,1,10,#0b3e6f,0
0,20,1,10,#0b3e6f,0
0,21,1,10,#0b3e6f,0
0,22,1,10,#0b3e6f,0
0,23,1,10,#0b3e6f,0
0,24,1,10,#0b3e6f,0
0,25,1,10,#0b3e6f,0
0,26,1,10,#0b3e6f,0
0,27,1,10,#0b3e6f,0
0,28,1,10,#0b3e6f,0
0,29,1,10,#0b3e6f,0
0,10,1,11,#0b3e6f,0
0,11,1,11,#0b3e6f,0
0,12,1,11,#0b3e6f,0
0,13,1,11,#0b3e6f,0
0,14,1,11,#0b3e6f,0
0,15,1,11,#0b3e6f,0
0,16,1,11,#0b3e6f,0
0,17,1,11,#0b3e6f,0
0,18,1,11,#0b3e6f,0
0,19,1,11,#0b3e6f,0
0,20,1,11,#0b3e6f,0
0,21,1,11,#0b3e6f,0
0,22,1,11,#0b3e6f,0
0,23,1,11,#0b3e6f,0
0,24,1,11,#0b3e6f,0
0,25,1,11,#0b3e6f,0
0,26,1,11,#0b3e6f,0
0,27,1,11,#0b3e6f,0
0,28,1,11,#0b3e6f,0
0,29,1,11,#0b3e6f,0
0,10,1,12,#0b3e6f,0
0,11,1,12,#0b3e6f,0
0,12,1,12,#0b3e6f,0
0,13,1,12,#0b3e6f,0
0,14,1,12,#0b3e6f,0
0,15,1,12,#0b3e6f,0
0,16,1,12,#0b3e6f,0
0,17,1,12,#0b3e6f,0
0,18,1,12,#0b3e6f,0
0,19,1,12,#0b3e6f,0
0,20,1,12,#0b3e6f,0
0,21,1,12,#0b3e6f,0
0,22,1,12,#0b3e6f,0
0,23,1,12,#0b3e6f,0
0,24,1,12,#0b3e6f,0
0,25,1,12,#0b3e6f,0
0,26,1,12,#0b3e6f,0
0,27,1,12,#0b3e6f,0
0,28,1,12,#0b3e6f,0
0,29,1,12,#0b3e6f,0
0,10,1,13,#0b3e6f,0
0,11,1,13,#0b3e6f,0
0,12,1,13,#0b3e6f,0
0,13,1,13,#0b3e6f,0
0,14,1,13,#0b3e6f,0
0,15,1,13,#0b3e6f,0
0,16,1,13,#0b3e6f,0
0,17,1,13,#0b3e6f,0
0,18,1,13,#0b3e6f,0
0,19,1,13,#0b3e6f,0
0,20,1,13,#0b3e6f,0
0,21,1,13,#0b3e6f,0
0,22,1,13,#0b3e6f,0
0,23,1,13,#0b3e6f,0
0,24,1,13,#0b3e6f,0
0,25,1,13,#0b3e6f,0
0,26,1,13,#0b3e6f,0
0,27,1,13,#0b3e6f,0
0,28,1,13,#0b3e6f,0
0,29,1,13,#0b3e6f,0
0,10,1,14,#0b3e6f,0
0,11,1,14,#0b3e6f,0
0,12,1,14,#0b3e6f,0
0,13,1,14,#0b3e6f,0
0,14,1,14,#0b3e6f,0
0,15,1,14,#0b3e6f,0
0,16,1,14,#0b3e6f,0
0,17,1,14,#0b3e6f,0
0,18,1,14,#0b3e6f,0
0,19,1,14,#0b3e6f,0
0,20,1,14,#0b3e6f,0
0,21,1,14,#0b3e6f,0
0,22,1,14,#0b3e6f,0
0,23,1,14,#0b3e6f,0
0,24,1,14,#0b3e6f,0
0,25,1,14,#0b3e6f,0
0,26,1,14,#0b3e6f,0
0,27,1,14,#0b3e6f,0
0,28,1,14,#0b3e6f,0
0,29,1,14,#0b3e6f,0
0,10,1,15,#0b3e6f,0
0,11,1,15,#0b3e6f,0
0,12,1,15,#0b3e6f,0
0,13,1,15,#0b3e6f,0
0,14,1,15,#0b3e6f,0
0,15,1,15,#0b3e6f,0
0,16,1,15,#0b3e6f,0
0,17,1,15,#0b3e6f,0
0,18,1,15,#0b3e6f,0
0,19,1,15,#0b3e6f,0
0,20,1,15,#0b3e6f,0
0,21,1,15,#0b3e6f,0
0,22,1,15,#0b3e6f,0
0,23,1,15,#0b3e6f,0
0,24,1,15,#0b3e6f,0
0,25,1,15,#0b3e6f,0
0,26,1,15,#0b3e6f,0
0,27,1,15,#0b3e6f,0
0,28,1,15,#0b3e6f,0
0,29,1,15,#0b3e6f,0
0,10,1,16,#0b3e6f,0
0,11,1,16,#0b3e6f,0
0,12,1,16,#0b3e6f,0
0,13,1,16,#0b3e6f,0
0,14,1,16,#0b3e6f,0
0,15,1,16,#0b3e6f,0
0,16,1,16,#0b3e6f,0
0,17,1,16,#0b3e6f,0
0,18,1,16,#0b3e6f,0
0,19,1,16,#0b3e6f,0
0,20,1,16,#0b3e6f,0
0,21,1,16,#0b3e6f,0
0,22,1,16,#0b3e6f,0
0,23,1,16,#0b3e6f,0
0,24,1,16,#0b3e6f,0
0,25,1,16,#0b3e6f,0
0,26,1,16,#0b3e6f,0
0,27,1,16,#0b3e6f,0
0,28,1,16,#0b3e6f,0
0,29,1,16,#0b3e6f,0
0,10,1,17,#0b3e6f,0
0,11,1,17,#0b3e6f,0
0,12,1,17,#0b3e6f,0
0,13,1,17,#0b3e6f,0
0,14,1,17,#0b3e6f,0
0,15,1,17,#0b3e6f,0
0,16,1,17,#0b3e6f,0
0,17,1,17,#0b3e6f,0
0,18,1,17,#0b3e6f,0
0,19,1,17,#0b3e6f,0
0,20,1,17,#0b3e6f,0
0,21,1,17,#0b3e6f,0
0,22,1,17,#0b3e6f,0
0,23,1,17,#0b3e6f,0
0,24,1,17,#0b3e6f,0
0,25,1,17,#0b3e6f,0
0,26,1,17,#0b3e6f,0
0,27,1,17,#0b3e6f,0
0,28,1,17,#0b3e6f,0
0,29,1,17,#0b3e6f,0
0,10,1,18,#0b3e6f,0
0,11,1,18,#0b3e6f,0
0,12,1,18,#0b3e6f,0
0,13,1,18,#0b3e6f,0
0,14,1,18,#0b3e6f,0
0,15,1,18,#0b3e6f,0
0,16,1,18,#0b3e6f,0
0,17,1,18,#0b3e6f,0
0,18,1,18,#0b3e6f,0
0,19,1,18,#0b3e6f,0
0,20,1,18,#0b3e6f,0
0,21,1,18,#0b3e6f,0
0,22,1,18,#0b3e6f,0
0,23,1,18,#0b3e6f,0
0,24,1,18,#0b3e6f,0
0,25,1,18,#0b3e6f,0
0,26,1,18,#0b3e6f,0
0,27,1,18,#0b3e6f,0
0,28,1,18,#0b3e6f,0
0,29,1,18,#0b3e6f,0
0,10,1,19,#0b3e6f,0
0,11,1,19,#0b3e6f,0
0,12,1,19,#0b3e6f,0
0,13,1,19,#0b3e6f,0
0,14,1,19,#0b3e6f,0
0,15,1,19,#0b3e6f,0
0,16,1,19,#0b3e6f,0
0,17,1,19,#0b3e6f,0
0,18,1,19,#0b3e6f,0
0,19,1,19,#0b3e6f,0
0,20,1,19,#0b3e6f,0
0,21,1,19,#0b3e6f,0
0,22,1,19,#0b3e6f,0
0,23,1,19,#0b3e6f,0
0,24,1,19,#0b3e6f,0
0,25,1,19,#0b3e6f,0
0,26,1,19,#0b3e6f,0
0,27,1,19,#0b3e6f,0
0,28,1,19,#0b3e6f,0
0,29,1,19,#0b3e6f,0
0,10,2,10,#0b3e6f,0
0,11,2,10,#0b3e6f,0
0,12,2,10,#0b3e6f,0
0,13,2,10,#0b3e6f,0
0,14,2,10,#0b3e6f,0
0,15,2,10,#0b3e6f,0
0,16,2,10,#0b3e6f,0
0,17,2,10,#0b3e6f,0
0,18,2,10,#0b3e6f,0
0,19,2,10,#0b3e6f,0
0,20,2,10,#0b3e6f,0
0,21,2,10,#0b3e6f,0
0,22,2,10,#0b3e6f,0
0,23,2,10,#0b3e6f,0
0,24,2,10,#0b3e6f,0
0,25,2,10,#0b3e6f,0
0,26,2,10,#0b3e6f,0
0,27,2,10,#0b3e6f,0
0,28,2,10,#0b3e6f,0
0,29,2,10,#0b3e6f,0
0,10,2,11,#0b3e6f,0
0,11,2,11,#0b3e6f,0
0,12,2,11,#0b3e6f,0
0,13,2,11,#0b3e6f,0
0,14,2,11,#0b3e6f,0
0,15,2,11,#0b3e6f,0
0,16,2,11,#0b3e6f,0
0,17,2,11,#0b3e6f,0
0,18,2,11,#0b3e6f,0
0,19,2,11,#0b3e6f,0
0,20,2,11,#0b3e6f,0
0,21,2,11,#0b3e6f,0
0,22,2,11,#0b3e6f,0
0,23,2,11,#0b3e6f,0
0,24,2,11,#0b3e6f,0
0,25,2,11,#0b3e6f,0
0,26,2,11,#0b3e6f,0
0,27,2,11,#0b3e6f,0
0,28,2,11,#0b3e6f,0
0,29,2,11,#0b3e6f,0
0,10,2,12,#0b3e6f,0
0,11,2,12,#0b3e6f,0
0,12,2,12,#0b3e6f,0
0,13,2,12,#0b3e6f,0
0,14,2,12,#0b3e6f,0
0,15,2,12,#0b3e6f,0
0,16,2,12,#0b3e6f,0
0,17,2,12,#0b3e6f,0
0,18,2,12,#0b3e6f,0
0,19,2,12,#0b3e6f,0
0,20,2,12,#0b3e6f,0
0,21,2,12,#0b3e6f,0
0,22,2,12,#0b3e6f,0
0,23,2,12,#0b3e6f,0
0,24,2,12,#0b3e6f,0
0,25,2,12,#0b3e6f,0
0,26,2,12,#0b3e6f,0
0,27,2,12,#0b3e6f,0
0,28,2,12,#0b3e6f,0
0,29,2,12,#0b3e6f,0
0,10,2,13,#0b3e6f,0
0,11,2,13,#0b3e6f,0
0,12,2,13,#0b3e6f,0
0,13,2,13,#0b3e6f,0
0,14,2,13,#0b3e6f,0
0,15,2,13,#0b3e6f,0
0,16,2,13,#0b3e6f,0
0,17,2,13,#0b3e6f,0
0,18,2,13,#0b3e6f,0
0,19,2,13,#0b3e6f,0
0,20,2,13,#0b3e6f,0
0,21,2,13,#0b3e6f,0
0,22,2,13,#0b3e6f,0
0,23,2,13,#0b3e6f,0
0,24,2,13,#0b3e6f,0
0,25,2,13,#0b3e6f,0
0,26,2,13,#0b3e6f,0
0,27,2,13,#0b3e6f,0
0,28,2,13,#0b3e6f,0
0,29,2,13,#0b3e6f,0
0,10,2,14,#0b3e6f,0
0,11,2,14,#0b3e6f,0
0,12,2,14,#0b3e6f,0
0,13,2,14,#0b3e6f,0
0,14,2,14,#0b3e6f,0
0,15,2,14,#0b3e6f,0
0,16,2,14,#0b3e6f,0
0,17,2,14,#0b3e6f,0
0,18,2,14,#0b3e6f,0
0,19,2,14,#0b3e6f,0
0,20,2,14,#0b3e6f,0
0,21,2,14,#0b3e6f,0
0,22,2,14,#0b3e6f,0
0,23,2,14,#0b3e6f,0
0,24,2,14,#0b3e6f,0
0,25,2,14,#0b3e6f,0
0,26,2,14,#0b3e6f,0
0,27,2,14,#0b3e6f,0
0,28,2,14,#0b3e6f,0
0,29,2,14,#0b3e6f,0
0,10,2,15,#0b3e6f,0
0,11,2,15,#0b3e6f,0
0,12,2,15,#0b3e6f,0
0,13,2,15,#0b3e6f,0
0,14,2,15,#0b3e6f,0
0,15,2,15,#0b3e6f,0
0,16,2,15,#0b3e6f,0
0,17,2,15,#0b3e6f,0
0,18,2,15,#0b3e6f,0
0,19,2,15,#0b3e6f,0
0,20,2,15,#0b3e6f,0
0,21,2,15,#0b3e6f,0
0,22,2,15,#0b3e6f,0
0,23,2,15,#0b3e6f,0
0,24,2,15,#0b3e6f,0
0,25,2,15,#0b3e6f,0
0,26,2,15,#0b3e6f,0
0,27,2,15,#0b3e6f,0
0,28,2,15,#0b3e6f,0
0,29,2,15,#0b3e6f,0
0,10,2,16,#0b3e6f,0
0,11,2,16,#0b3e6f,0
0,12,2,16,#0b3e6f,0
0,13,2,16,#0b3e6f,0
0,14,2,16,#0b3e6f,0
0,15,2,16,#0b3e6f,0
0,16,2,16,#0b3e6f,0
0,17,2,16,#0b3e6f,0
0,18,2,16,#0b3e6f,0
0,19,2,16,#0b3e6f,0
0,20,2,16,#0b3e6f,0
0,21,2,16,#0b3e6f,0
0,22,2,16,#0b3e6f,0
0,23,2,16,#0b3e6f,0
0,24,2,16,#0b3e6f,0
0,25,2,16,#0b3e6f,0
0,26,2,16,#0b3e6f,0
0,27,2,16,#0b3e6f,0
0,28,2,16,#0b3e6f,0
0,29,2,16,#0b3e6f,0
0,10,2,17,#0b3e6f,0
0,11,2,17,#0b3e6f,0
0,12,2,17,#0b3e6f,0
0,13,2,17,#0b3e6f,0
0,14,2,17,#0b3e6f,0
0,15,2,17,#0b3e6f,0
0,16,2,17,#0b3e6f,0
0,17,2,17,#0b3e6f,0
0,18,2,17,#0b3e6f,0
0,19,2,17,#0b3e6f,0
0,20,2,17,#0b3e6f,0
0,21,2,17,#0b3e6f,0
0,22,2,17,#0b3e6f,0
0,23,2,17,#0b3e6f,0
0,24,2,17,#0b3e6f,0
0,25,2,17,#0b3e6f,0
0,26,2,17,#0b3e6f,0
0,27,2,17,#0b3e6f,0
0,28,2,17,#0b3e6f,0
0,29,2,17,#0b3e6f,0
0,10,2,18,#0b3e6f,0
0,11,2,18,#0b3e6f,0
0,12,2,18,#0b3e6f,0
0,13,2,18,#0b3e6f,0
0,14,2,18,#0b3e6f,0
0,15,2,18,#0b3e6f,0
0,16,2,18,#0b3e6f,0
0,17,2,18,#0b3e6f,0
0,18,2,18,#0b3e6f,0
0,19,2,18,#0b3e6f,0
0,20,2,18,#0b3e6f,0
0,21,2,18,#0b3e6f,0
0,22,2,18,#0b3e6f,0
0,23,2,18,#0b3e6f,0
0,24,2,18,#0b3e6f,0
0,25,2,18,#0b3e6f,0
0,26,2,18,#0b3e6f,0
0,27,2,18,#0b3e6f,0
0,28,2,18,#0b3e6f,0
0,29,2,18,#0b3e6f,0
0,10,2,19,#0b3e6f,0
0,11,2,19,#0b3e6f,0
0,12,2,19,#0b3e6f,0
0,13,2,19,#0b3e6f,0
0,14,2,19,#0b3e6f,0
0,15,2,19,#0b3e6f,0
0,16,2,19,#0b3e6f,0
0,17,2,19,#0b3e6f,0
0,18,2,19,#0b3e6f,0
0,19,2,19,#0b3e6f,0
0,20,2,19,#0b3e6f,0
0,21,2,19,#0b3e6f,0
0,22,2,19,#0b3e6f,0
0,23,2,19,#0b3e6f,0
0,24,2,19,#0b3e6f,0
0,25,2,19,#0b3e6f,0
0,26,2,19,#0b3e6f,0
0,27,2,19,#0b3e6f,0
0,28,2,19,#0b3e6f,0
0,29,2,19,#0b3e6f,0
0,10,3,10,#0b3e6f,0
0,11,3,10,#0b3e6f,0
0,12,3,10,#0b3e6f,0
0,13,3,10,#0b3e6f,0
0,14,3,10,#0b3e6f,0
0,15,3,10,#0b3e6f,0
0,16,3,10,#0b3e6f,0
0,17,3,10,#0b3e6f,0
0,18,3,10,#0b3e6f,0
0,19,3,10,#0b3e6f,0
0,20,3,10,#0b3e6f,0
0,21,3,10,#0b3e6f,0
0,22,3,10,#0b3e6f,0
0,23,3,10,#0b3e6f,0
0,24,3,10,#0b3e6f,0
0,25,3,10,#0b3e6f,0
0,26,3,10,#0b3e6f,0
0,27,3,10,#0b3e6f,0
0,28,3,10,#0b3e6f,0
0,29,3,10,#0b3e6f,0
0,10,3,11,#0b3e6f,0
0,11,3,11,#0b3e6f,0
0,12,3,11,#0b3e6f,0
0,13,3,11,#0b3e6f,0
0,14,3,11,#0b3e6f,0
0,15,3,11,#0b3e6f,0
0,16,3,11,#0b3e6f,0
0,17,3,11,#0b3e6f,0
0,18,3,11,#0b3e6f,0
0,19,3,11,#0b3e6f,0
0,20,3,11,#0b3e6f,0
0,21,3,11,#0b3e6f,0
0,22,3,11,#0b3e6f,0
0,23,3,11,#0b3e6f,0
0,24,3,11,#0b3e6f,0
0,25,3,11,#0b3e6f,0
0,26,3,11,#0b3e6f,0
0,27,3,11,#0b3e6f,0
0,28,3,11,#0b3e6f,0
0,29,3,11,#0b3e6f,0
0,10,3,12,#0b3e6f,0
0,11,3,12,#0b3e6f,0
0,12,3,12,#0b3e6f,0
0,13,3,12,#0b3e6f,0
0,14,3,12,#0b3e6f,0
0,15,3,12,#0b3e6f,0
0,16,3,12,#0b3e6f,0
0,17,3,12,#0b3e6f,0
0,18,3,12,#0b3e6f,0
0,19,3,12,#0b3e6f,0
0,20,3,12,#0b3e6f,0
0,21,3,12,#0b3e6f,0
0,22,3,12,#0b3e6f,0
0,23,3,12,#0b3e6f,0
0,24,3,12,#0b3e6f,0
0,25,3,12,#0b3e6f,0
0,26,3,12,#0b3e6f,0
0,27,3,12,#0b3e6f,0
0,28,3,12,#0b3e6f,0
0,29,3,12,#0b3e6f,0
0,10,3,13,#0b3e6f,0
0,11,3,13,#0b3e6f,0
0,12,3,13,#0b3e6f,0
0,13,3,13,#0b3e6f,0
0,14,3,13,#0b3e6f,0
0,15,3,13,#0b3e6f,0
0,16,3,13,#0b3e6f,0
0,17,3,13,#0b3e6f,0
0,18,3,13,#0b3e6f,0
0,19,3,13,#0b3e6f,0
0,20,3,13,#0b3e6f,0
0,21,3,13,#0b3e6f,0
0,22,3,13,#0b3e6f,0
0,23,3,13,#0b3e6f,0
0,24,3,13,#0b3e6f,0
0,25,3,13,#0b3e6f,0
0,26,3,13,#0b3e6f,0
0,27,3,13,#0b3e6f,0
0,28,3,13,#0b3e6f,0
0,29,3,13,#0b3e6f,0
0,10,3,14,#0b3e6f,0
0,11,3,14,#0b3e6f,0
0,12,3,14,#0b3e6f,0
0,13,3,14,#0b3e6f,0
0,14,3,14,#0b3e6f,0
0,15,3,14,#0b3e6f,0
0,16,3,14,#0b3e6f,0
0,17,3,14,#0b3e6f,0
0,18,3,14,#0b3e6f,0
0,19,3,14,#0b3e6f,0
0,20,3,14,#0b3e6f,0
0,21,3,14,#0b3e6f,0
0,22,3,14,#0b3e6f,0
0,23,3,14,#0b3e6f,0
0,24,3,14,#0b3e6f,0
0,25,3,14,#0b3e6f,0
0,26,3,14,#0b3e6f,0
0,27,3,14,#0b3e6f,0
0,28,3,14,#0b3e6f,0
0,29,3,14,#0b3e6f,0
0,10,3,15,#0b3e6f,0
0,11,3,15,#0b3e6f,0
0,12,3,15,#0b3e6f,0
0,13,3,15,#0b3e6f,0
0,14,3,15,#0b3e6f,0
0,15,3,15,#0b3e6f,0
0,16,3,15,#0b3e6f,0
0,17,3,15,#0b3e6f,0
0,18,3,15,#0b3e6f,0
0,19,3,15,#0b3e6f,0
0,20,3,15,#0b3e6f,0
0,21,3,15,#0b3e6f,0
0,22,3,15,#0b3e6f,0
0,23,3,15,#0b3e6f,0
0,24,3,15,#0b3e6f,0
0,25,3,15,#0b3e6f,0
0,26,3,15,#0b3e6f,0
0,27,3,15,#0b3e6f,0
0,28,3,15,#0b3e6f,0
0,29,3,15,#0b3e6f,0
0,10,3,16,#0b3e6f,0
0,11,3,16,#0b3e6f,0
0,12,3,16,#0b3e6f,0
0,13,3,16,#0b3e6f,0
0,14,3,16,#0b3e6f,0
0,15,3,16,#0b3e6f,0
0,16,3,16,#0b3e6f,0
0,17,3,16,#0b3e6f,0
0,18,3,16,#0b3e6f,0
0,19,3,16,#0b3e6f,0
0,20,3,16,#0b3e6f,0
0,21,3,16,#0b3e6f,0
0,22,3,16,#0b3e6f,0
0,23,3,16,#0b3e6f,0
0,24,3,16,#0b3e6f,0
0,25,3,16,#0b3e6f,0
0,26,3,16,#0b3e6f,0
0,27,3,16,#0b3e6f,0
0,28,3,16,#0b3e6f,0
0,29,3,16,#0b3e6f,0
0,10,3,17,#0b3e6f,0
0,11,3,17,#0b3e6f,0
0,12,3,17,#0b3e6f,0
0,13,3,17,#0b3e6f,0
0,14,3,17,#0b3e6f,0
0,15,3,17,#0b3e6f,0
0,16,3,17,#0b3e6f,0
0,17,3,17,#0b3e6f,0
0,18,3,17,#0b3e6f,0
0,19,3,17,#0b3e6f,0
0,20,3,17,#0b3e6f,0
0,21,3,17,#0b3e6f,0
0,22,3,17,#0b3e6f,0
0,23,3,17,#0b3e6f,0
0,24,3,17,#0b3e6f,0
0,25,3,17,#0b3e6f,0
0,26,3,17,#0b3e6f,0
0,27,3,17,#0b3e6f,0
0,28,3,17,#0b3e6f,0
0,29,3,17,#0b3e6f,0
0,10,3,18,#0b3e6f,0
0,11,3,18,#0b3e6f,0
0,12,3,18,#0b3e6f,0
0,13,3,18,#0b3e6f,0
0,14,3,18,#0b3e6f,0
0,15,3,18,#0b3e6f,0
0,16,3,18,#0b3e6f,0
0,17,3,18,#0b3e6f,0
0,18,3,18,#0b3e6f,0
0,19,3,18,#0b3e6f,0
0,20,3,18,#0b3e6f,0
0,21,3,18,#0b3e6f,0
0,22,3,18,#0b3e6f,0
0,23,3,18,#0b3e6f,0
0,24,3,18,#0b3e6f,0
0,25,3,18,#0b3e6f,0
0,26,3,18,#0b3e6f,0
0,27,3,18,#0b3e6f,0
0,28,3,18,#0b3e6f,0
0,29,3,18,#0b3e6f,0
0,10,3,19,#0b3e6f,0
0,11,3,19,#0b3e6f,0
0,12,3,19,#0b3e6f,0
0,13,3,19,#0b3e6f,0
0,14,3,19,#0b3e6f,0
0,15,3,19,#0b3e6f,0
0,16,3,19,#0b3e6f,0
0,17,3,19,#0b3e6f,0
0,18,3,19,#0b3e6f,0
0,19,3,19,#0b3e6f,0
0,20,3,19,#0b3e6f,0
0,21,3,19,#0b3e6f,0
0,22,3,19,#0b3e6f,0
0,23,3,19,#0b3e6f,0
0,24,3,19,#0b3e6f,0
0,25,3,19,#0b3e6f,0
0,26,3,19,#0b3e6f,0
0,27,3,19,#0b3e6f,0
0,28,3,19,#0b3e6f,0
0,29,3,19,#0b3e6f,0
0,10,4,10,#0b3e6f,0
0,11,4,10,#0b3e6f,0
0,12,4,10,#0b3e6f,0
0,13,4,10,#0b3e6f,0
0,14,4,10,#0b3e6f,0
0,15,4,10,#0b3e6f,0
0,16,4,10,#0b3e6f,0
0,17,4,10,#0b3e6f,0
0,18,4,10,#0b3e6f,0
0,19,4,10,#0b3e6f,0
0,20,4,10,#0b3e6f,0
0,21,4,10,#0b3e6f,0
0,22,4,10,#0b3e6f,0
0,23,4,10,#0b3e6f,0
0,24,4,10,#0b3e6f,0
0,25,4,10,#0b3e6f,0
0,26,4,10,#0b3e6f,0
0,27,4,10,#0b3e6f,0
0,28,4,10,#0b3e6f,0
0,29,4,10,#0b3e6f,0
0,10,4,11,#0b3e6f,0
0,11,4,11,#0b3e6f,0
0,12,4,11,#0b3e6f,0
0,13,4,11,#0b3e6f,0
0,14,4,11,#0b3e6f,0
0,15,4,11,#0b3e6f,0
0,16,4,11,#0b3e6f,0
0,17,4,11,#0b3e6f,0
0,18,4,11,#0b3e6f,0
0,19,4,11,#0b3e6f,0
0,20,4,11,#0b3e6f,0
0,21,4,11,#0b3e6f,0
0,22,4,11,#0b3e6f,0
0,23,4,11,#0b3e6f,0
0,24,4,11,#0b3e6f,0
0,25,4,11,#0b3e6f,0
0,26,4,11,#0b3e6f,0
0,27,4,11,#0b3e6f,0
0,28,4,11,#0b3e6f,0
0,29,4,11,#0b3e6f,0
0,10,4,12,#0b3e6f,0
0,11,4,12,#0b3e6f,0
0,12,4,12,#0b3e6f,0
0,13,4,12,#0b3e6f,0
0,14,4,12,#0b3e6f,0
0,15,4,12,#0b3e6f,0
0,16,4,12,#0b3e6f,0
0,17,4,12,#0b3e6f,0
0,18,4,12,#0b3e6f,0
0,19,4,12,#0b3e6f,0
0,20,4,12,#0b3e6f,0
0,21,4,12,#0b3e6f,0
0,22,4,12,#0b3e6f,0
0,23,4,12,#0b3e6f,0
0,24,4,12,#0b3e6f,0
0,25,4,12,#0b3e6f,0
0,26,4,12,#0b3e6f,0
0,27,4,12,#0b3e6f,0
0,28,4,12,#0b3e6f,0
0,29,4,12,#0b3e6f,0
0,10,4,13,#0b3e6f,0
0,11,4,13,#0b3e6f,0
0,12,4,13,#0b3e6f,0
0,13,4,13,#0b3e6f,0
0,14,4,13,#0b3e6f,0
0,15,4,13,#0b3e6f,0
0,16,4,13,#0b3e6f,0
0,17,4,13,#0b3e6f,0
0,18,4,13,#0b3e6f,0
0,19,4,13,#0b3e6f,0
0,20,4,13,#0b3e6f,0
0,21,4,13,#0b3e6f,0
0,22,4,13,#0b3e6f,0
0,23,4,13,#0b3e6f,0
0,24,4,13,#0b3e6f,0
0,25,4,13,#0b3e6f,0
0,26,4,13,#0b3e6f,0
0,27,4,13,#0b3e6f,0
0,28,4,13,#0b3e6f,0
0,29,4,13,#0b3e6f,0
0,10,4,14,#0b3e6f,0
0,11,4,14,#0b3e6f,0
0,12,4,14,#0b3e6f,0
0,13,4,14,#0b3e6f,0
0,14,4,14,#0b3e6f,0
0,15,4,14,#0b3e6f,0
0,16,4,14,#0b3e6f,0
0,17,4,14,#0b3e6f,0
0,18,4,14,#0b3e6f,0
0,19,4,14,#0b3e6f,0
0,20,4,14,#0b3e6f,0
0,21,4,14,#0b3e6f,0
0,22,4,14,#0b3e6f,0
0,23,4,14,#0b3e6f,0
0,24,4,14,#0b3e6f,0
0,25,4,14,#0b3e6f,0
0,26,4,14,#0b3e6f,0
0,27,4,14,#0b3e6f,0
0,28,4,14,#0b3e6f,0
0,29,4,14,#0b3e6f,0
0,10,4,15,#0b3e6f,0
0,11,4,15,#0b3e6f,0
0,12,4,15,#0b3e6f,0
0,13,4,15,#0b3e6f,0
0,14,4,15,#0b3e6f,0
0,15,4,15,#0b3e6f,0
0,16,4,15,#0b3e6f,0
0,17,4,15,#0b3e6f,0
0,18,4,15,#0b3e6f,0
0,19,4,15,#0b3e6f,0
0,20,4,15,#0b3e6f,0
0,21,4,15,#0b3e6f,0
0,22,4,15,#0b3e6f,0
0,23,4,15,#0b3e6f,0
0,24,4,15,#0b3e6f,0
0,25,4,15,#0b3e6f,0
0,26,4,15,#0b3e6f,0
0,27,4,15,#0b3e6f,0
0,28,4,15,#0b3e6f,0
0,29,4,15,#0b3e6f,0
0,10,4,16,#0b3e6f,0
0,11,4,16,#0b3e6f,0
0,12,4,16,#0b3e6f,0
0,13,4,16,#0b3e6f,0
0,14,4,16,#0b3e6f,0
0,15,4,16,#0b3e6f,0
0,16,4,16,#0b3e6f,0
0,17,4,16,#0b3e6f,0
0,18,4,16,#0b3e6f,0
0,19,4,16,#0b3e6f,0
0,20,4,16,#0b3e6f,0
0,21,4,16,#0b3e6f,0
0,22,4,16,#0b3e6f,0
0,23,4,16,#0b3e6f,0
0,24,4,16,#0b3e6f,0
0,25,4,16,#0b3e6f,0
0,26,4,16,#0b3e6f,0
0,27,4,16,#0b3e6f,0
0,28,4,16,#0b3e6f,0
0,29,4,16,#0b3e6f,0
0,10,4,17,#0b3e6f,0
0,11,4,17,#0b3e6f,0
0,12,4,17,#0b3e6f,0
0,13,4,17,#0b3e6f,0
0,14,4,17,#0b3e6f,0
0,15,4,17,#0b3e6f,0
0,16,4,17,#0b3e6f,0
0,17,4,17,#0b3e6f,0
0,18,4,17,#0b3e6f,0
0,19,4,17,#0b3e6f,0
0,20,4,17,#0b3e6f,0
0,21,4,17,#0b3e6f,0
0,22,4,17,#0b3e6f,0
0,23,4,17,#0b3e6f,0
0,24,4,17,#0b3e6f,0
0,25,4,17,#0b3e6f,0
0,26,4,17,#0b3e6f,0
0,27,4,17,#0b3e6f,0
0,28,4,17,#0b3e6f,0
0,29,4,17,#0b3e6f,0
0,10,4,18,#0b3e6f,0
0,11,4,18,#0b3e6f,0
0,12,4,18,#0b3e6f,0
0,13,4,18,#0b3e6f,0
0,14,4,18,#0b3e6f,0
0,15,4,18,#0b3e6f,0
0,16,4,18,#0b3e6f,0
0,17,4,18,#0b3e6f,0
0,18,4,18,#0b3e6f,0
0,19,4,18,#0b3e6f,0
0,20,4,18,#0b3e6f,0
0,21,4,18,#0b3e6f,0
0,22,4,18,#0b3e6f,0
0,23,4,18,#0b3e6f,0
0,24,4,18,#0b3e6f,0
0,25,4,18,#0b3e6f,0
0,26,4,18,#0b3e6f,0
0,27,4,18,#0b3e6f,0
0,28,4,18,#0b3e6f,0
0,29,4,18,#0b3e6f,0
0,10,4,19,#0b3e6f,0
0,11,4,19,#0b3e6f,0
0,12,4,19,#0b3e6f,0
0,13,4,19,#0b3e6f,0
0,14,4,19,#0b3e6f,0
0,15,4,19,#0b3e6f,0
0,16,4,19,#0b3e6f,0
0,17,4,19,#0b3e6f,0
0,18,4,19,#0b3e6f,0
0,19,4,19,#0b3e6f,0
0,20,4,19,#0b3e6f,0
0,21,4,19,#0b3e6f,0
0,22,4,19,#0b3e6f,0
0,23,4,19,#0b3e6f,0
0,24,4,19,#0b3e6f,0
0,25,4,19,#0b3e6f,0
0,26,4,19,#0b3e6f,0
0,27,4,19,#0b3e6f,0
0,28,4,19,#0b3e6f,0
0,29,4,19,#0b3e6f,0

0,10,5,10,#0b3e6f,0
0,11,5,10,#0b3e6f,0
0,12,5,10,#0b3e6f,0
0,13,5,10,#0b3e6f,0
0,14,5,10,#0b3e6f,0
0,15,5,10,#0b3e6f,0
0,16,5,10,#0b3e6f,0
0,17,5,10,#0b3e6f,0
0,18,5,10,#0b3e6f,0
0,19,5,10,#0b3e6f,0
0,20,5,10,#0b3e6f,0
0,21,5,10,#0b3e6f,0
0,22,5,10,#0b3e6f,0
0,23,5,10,#0b3e6f,0
0,24,5,10,#0b3e6f,0
0,25,5,10,#0b3e6f,0
0,26,5,10,#0b3e6f,0
0,27,5,10,#0b3e6f,0
0,28,5,10,#0b3e6f,0
0,29,5,10,#0b3e6f,0
0,10,5,11,#0b3e6f,0
0,11,5,11,#0b3e6f,0
0,12,5,11,#0b3e6f,0
0,13,5,11,#0b3e6f,0
0,14,5,11,#0b3e6f,0
0,15,5,11,#0b3e6f,0
0,16,5,11,#0b3e6f,0
0,17,5,11,#0b3e6f,0
0,18,5,11,#0b3e6f,0
0,19,5,11,#0b3e6f,0
0,20,5,11,#0b3e6f,0
0,21,5,11,#0b3e6f,0
0,22,5,11,#0b3e6f,0
0,23,5,11,#0b3e6f,0
0,24,5,11,#0b3e6f,0
0,25,5,11,#0b3e6f,0
0,26,5,11,#0b3e6f,0
0,27,5,11,#0b3e6f,0
0,28,5,11,#0b3e6f,0
0,29,5,11,#0b3e6f,0
0,10,5,12,#0b3e6f,0
0,11,5,12,#0b3e6f,0
0,12,5,12,#0b3e6f,0
0,13,5,12,#0b3e6f,0
0,14,5,12,#0b3e6f,0
0,15,5,12,#0b3e6f,0
0,16,5,12,#0b3e6f,0
0,17,5,12,#0b3e6f,0
0,18,5,12,#0b3e6f,0
0,19,5,12,#0b3e6f,0
0,20,5,12,#0b3e6f,0
0,21,5,12,#0b3e6f,0
0,22,5,12,#0b3e6f,0
0,23,5,12,#0b3e6f,0
0,24,5,12,#0b3e6f,0
0,25,5,12,#0b3e6f,0
0,26,5,12,#0b3e6f,0
0,27,5,12,#0b3e6f,0
0,28,5,12,#0b3e6f,0
0,29,5,12,#0b3e6f,0
0,10,5,13,#0b3e6f,0
0,11,5,13,#0b3e6f,0
0,12,5,13,#0b3e6f,0
0,13,5,13,#0b3e6f,0
0,14,5,13,#0b3e6f,0
0,15,5,13,#0b3e6f,0
0,16,5,13,#0b3e6f,0
0,17,5,13,#0b3e6f,0
0,18,5,13,#0b3e6f,0
0,19,5,13,#0b3e6f,0
0,20,5,13,#0b3e6f,0
0,21,5,13,#0b3e6f,0
0,22,5,13,#0b3e6f,0
0,23,5,13,#0b3e6f,0
0,24,5,13,#0b3e6f,0
0,25,5,13,#0b3e6f,0
0,26,5,13,#0b3e6f,0
0,27,5,13,#0b3e6f,0
0,28,5,13,#0b3e6f,0
0,29,5,13,#0b3e6f,0
0,10,5,14,#0b3e6f,0
0,11,5,14,#0b3e6f,0
0,12,5,14,#0b3e6f,0
0,13,5,14,#0b3e6f,0
0,14,5,14,#0b3e6f,0
0,15,5,14,#0b3e6f,0
0,16,5,14,#0b3e6f,0
0,17,5,14,#0b3e6f,0
0,18,5,14,#0b3e6f,0
0,19,5,14,#0b3e6f,0
0,20,5,14,#0b3e6f,0
0,21,5,14,#0b3e6f,0
0,22,5,14,#0b3e6f,0
0,23,5,14,#0b3e6f,0
0,24,5,14,#0b3e6f,0
0,25,5,14,#0b3e6f,0
0,26,5,14,#0b3e6f,0
0,27,5,14,#0b3e6f,0
0,28,5,14,#0b3e6f,0
0,29,5,14,#0b3e6f,0
0,10,5,15,#0b3e6f,0
0,11,5,15,#0b3e6f,0
0,12,5,15,#0b3e6f,0
0,13,5,15,#0b3e6f,0
0,14,5,15,#0b3e6f,0
0,15,5,15,#0b3e6f,0
0,16,5,15,#0b3e6f,0
0,17,5,15,#0b3e6f,0
0,18,5,15,#0b3e6f,0
0,19,5,15,#0b3e6f,0
0,20,5,15,#0b3e6f,0
0,21,5,15,#0b3e6f,0
0,22,5,15,#0b3e6f,0
0,23,5,15,#0b3e6f,0
0,24,5,15,#0b3e6f,0
0,25,5,15,#0b3e6f,0
0,26,5,15,#0b3e6f,0
0,27,5,15,#0b3e6f,0
0,28,5,15,#0b3e6f,0
0,29,5,15,#0b3e6f,0
0,10,5,16,#0b3e6f,0
0,11,5,16,#0b3e6f,0
0,12,5,16,#0b3e6f,0
0,13,5,16,#0b3e6f,0
0,14,5,16,#0b3e6f,0
0,15,5,16,#0b3e6f,0
0,16,5,16,#0b3e6f,0
0,17,5,16,#0b3e6f,0
0,18,5,16,#0b3e6f,0
0,19,5,16,#0b3e6f,0
0,20,5,16,#0b3e6f,0
0,21,5,16,#0b3e6f,0
0,22,5,16,#0b3e6f,0
0,23,5,16,#0b3e6f,0
0,24,5,16,#0b3e6f,0
0,25,5,16,#0b3e6f,0
0,26,5,16,#0b3e6f,0
0,27,5,16,#0b3e6f,0
0,28,5,16,#0b3e6f,0
0,29,5,16,#0b3e6f,0
0,10,5,17,#0b3e6f,0
0,11,5,17,#0b3e6f,0
0,12,5,17,#0b3e6f,0
0,13,5,17,#0b3e6f,0
0,14,5,17,#0b3e6f,0
0,15,5,17,#0b3e6f,0
0,16,5,17,#0b3e6f,0
0,17,5,17,#0b3e6f,0
0,18,5,17,#0b3e6f,0
0,19,5,17,#0b3e6f,0
0,20,5,17,#0b3e6f,0
0,21,5,17,#0b3e6f,0
0,22,5,17,#0b3e6f,0
0,23,5,17,#0b3e6f,0
0,24,5,17,#0b3e6f,0
0,25,5,17,#0b3e6f,0
0,26,5,17,#0b3e6f,0
0,27,5,17,#0b3e6f,0
0,28,5,17,#0b3e6f,0
0,29,5,17,#0b3e6f,0
0,10,5,18,#0b3e6f,0
0,11,5,18,#0b3e6f,0
0,12,5,18,#0b3e6f,0
0,13,5,18,#0b3e6f,0
0,14,5,18,#0b3e6f,0
0,15,5,18,#0b3e6f,0
0,16,5,18,#0b3e6f,0
0,17,5,18,#0b3e6f,0
0,18,5,18,#0b3e6f,0
0,19,5,18,#0b3e6f,0
0,20,5,18,#0b3e6f,0
0,21,5,18,#0b3e6f,0
0,22,5,18,#0b3e6f,0
0,23,5,18,#0b3e6f,0
0,24,5,18,#0b3e6f,0
0,25,5,18,#0b3e6f,0
0,26,5,18,#0b3e6f,0
0,27,5,18,#0b3e6f,0
0,28,5,18,#0b3e6f,0
0,29,5,18,#0b3e6f,0
0,10,5,19,#0b3e6f,0
0,11,5,19,#0b3e6f,0
0,12,5,19,#0b3e6f,0
0,13,5,19,#0b3e6f,0
0,14,5,19,#0b3e6f,0
0,15,5,19,#0b3e6f,0
0,16,5,19,#0b3e6f,0
0,17,5,19,#0b3e6f,0
0,18,5,19,#0b3e6f,0
0,19,5,19,#0b3e6f,0
0,20,5,19,#0b3e6f,0
0,21,5,19,#0b3e6f,0
0,22,5,19,#0b3e6f,0
0,23,5,19,#0b3e6f,0
0,24,5,19,#0b3e6f,0
0,25,5,19,#0b3e6f,0
0,26,5,19,#0b3e6f,0
0,27,5,19,#0b3e6f,0
0,28,5,19,#0b3e6f,0
0,29,5,19,#0b3e6f,0